Algoritmo;Tamano_Problema;Instancia;Semilla;Poblacion;Prob_Cruce;Prob_Mutacion;Iteraciones;Makespan;Upper_Bound;RPD_%;Tiempo_Seg;Generacion_Hallazgo;Mejor_Secuencia
AG;500x20;data/ins_500_20_00.txt;1;60;0.85;0.5;300;26569;26189;1.45;14.1826;285;144-451-127-287-294-111-495-406-78-430-324-272-215-260-158-57-368-87-474-134-180-53-275-100-227-90-475-188-15-267-42-340-52-60-109-82-337-154-410-346-191-123-449-237-450-407-292-320-339-113-44-306-107-323-255-378-207-224-48-217-397-98-162-458-460-18-468-281-286-327-496-143-9-353-269-89-371-441-233-285-119-422-322-301-192-137-424-379-67-278-20-21-226-326-328-110-230-244-343-279-484-38-471-225-411-216-213-126-108-241-376-498-189-439-122-75-288-395-152-303-384-448-256-77-211-239-295-138-336-473-103-297-262-387-481-63-2-3-363-380-273-46-145-86-469-208-1-431-146-22-95-298-235-220-102-313-142-497-240-247-457-203-51-16-349-4-392-263-489-231-55-480-155-197-156-6-409-96-101-47-56-182-258-40-434-486-223-369-245-375-479-212-163-164-360-332-161-181-184-426-58-408-186-243-120-436-166-168-234-34-385-478-284-37-393-36-276-242-487-209-206-24-221-413-492-420-370-173-88-302-493-391-165-85-442-43-253-377-361-418-33-172-160-459-325-251-198-175-390-30-73-383-35-104-5-149-187-45-185-147-432-400-491-200-97-417-293-257-352-357-305-106-274-354-321-151-382-125-483-0-205-310-183-373-271-445-23-270-49-218-68-80-477-219-466-456-440-10-196-309-485-171-296-131-414-345-401-249-438-463-140-50-350-148-199-499-99-428-300-194-128-476-366-76-415-282-334-29-79-482-264-289-403-259-135-490-362-92-178-252-129-374-341-177-28-132-124-59-41-27-312-425-91-105-112-11-437-201-141-333-453-465-419-202-65-179-318-351-7-364-17-372-214-472-229-402-389-464-342-331-39-355-317-72-115-447-319-210-64-347-204-405-176-277-335-338-246-433-416-116-461-61-344-454-435-470-26-159-291-133-167-195-396-398-404-283-254-150-136-307-121-348-315-81-232-228-494-443-266-153-394-265-280-250-304-174-367-311-8-330-356-423-329-19-25-114-248-488-84-452-62-14-316-386-290-13-455-365-83-70-74-444-170-314-381-308-412-358-169-139-12-130-446-118-193-261-117-190-94-359-429-236-388-467-66-462-427-157-238-71-268-93-399-31-69-222-54-421-32-299
AG;500x20;data/ins_500_20_00.txt;2;60;0.85;0.5;300;26572;26189;1.46;14.0543;289;144-451-127-287-111-294-495-406-78-430-324-272-215-260-158-57-368-87-474-134-53-275-90-475-188-15-267-42-340-52-60-109-82-337-154-410-346-191-123-449-237-450-407-292-320-339-113-44-306-107-323-255-378-207-224-48-227-305-217-397-98-162-458-460-18-468-281-286-327-496-143-9-353-269-89-371-441-233-285-119-422-322-301-192-137-424-379-67-278-20-21-226-471-328-100-110-349-230-244-343-279-484-38-326-225-411-216-213-126-108-241-376-498-189-439-122-75-288-395-152-295-303-384-448-256-77-239-334-138-336-473-103-297-262-387-480-147-481-63-2-3-363-380-273-211-163-46-37-86-247-469-208-1-431-146-22-95-298-235-220-102-416-218-313-142-497-240-457-203-51-16-4-55-392-489-231-197-156-155-6-409-96-145-101-47-56-182-258-40-434-486-223-369-245-375-479-212-64-360-332-161-181-186-426-58-408-185-184-243-200-433-120-436-166-168-234-34-385-478-284-393-36-276-242-487-209-206-24-221-413-492-420-173-302-493-391-165-442-43-253-377-361-418-33-172-160-459-325-251-198-370-88-175-390-310-30-73-383-35-104-0-5-149-187-45-432-400-491-196-263-270-97-417-293-257-352-68-357-106-274-321-151-382-125-483-205-85-183-271-23-199-445-80-477-354-219-466-456-440-309-485-10-171-296-131-414-345-401-249-438-463-140-49-350-148-50-499-99-428-300-194-128-476-366-76-415-282-29-470-79-482-264-289-403-259-135-490-176-362-92-178-252-129-374-341-177-132-124-59-41-27-312-425-91-105-112-11-373-437-201-141-333-453-465-419-202-65-28-179-318-351-7-364-17-372-214-472-229-402-389-464-342-331-39-355-338-115-447-319-210-164-347-72-204-405-277-335-317-246-116-461-61-344-454-435-26-159-291-133-167-195-396-398-404-283-254-150-136-307-121-348-315-81-232-228-494-443-266-153-394-265-280-250-304-174-367-311-8-330-356-170-423-329-452-19-25-114-248-488-84-62-14-316-386-290-13-455-365-83-70-74-444-314-381-308-412-358-169-139-12-130-180-446-118-193-261-117-190-94-359-429-236-388-467-66-462-427-157-238-71-268-93-399-31-69-222-54-421-32-299
AG;500x20;data/ins_500_20_00.txt;3;60;0.85;0.5;300;26582;26189;1.50;14.1166;292;144-451-127-287-111-294-495-406-78-430-324-272-215-260-158-57-368-87-474-134-180-53-275-227-90-337-188-15-267-42-340-52-60-109-82-475-154-410-346-191-123-449-237-450-407-292-320-339-113-306-107-323-255-378-207-224-48-305-217-397-44-98-162-458-460-18-468-281-286-327-496-143-9-353-269-89-371-441-233-285-119-422-322-301-192-137-424-379-67-278-200-21-226-110-326-328-100-349-244-343-334-279-484-38-471-225-411-216-213-126-108-241-288-376-498-189-439-122-75-395-230-152-480-303-384-85-448-256-77-239-295-138-336-473-103-297-262-387-481-63-2-363-380-273-211-46-37-86-469-373-208-1-431-3-146-22-95-298-235-220-102-218-313-142-55-240-247-457-203-51-16-4-392-263-489-231-197-497-155-156-6-409-290-96-145-101-47-56-182-258-40-434-486-223-369-245-375-479-212-163-360-332-161-181-186-426-58-408-185-184-243-20-120-436-171-166-168-234-34-385-164-478-284-393-36-276-242-487-209-206-24-221-413-492-420-370-173-493-391-165-442-43-253-172-377-361-418-33-302-160-459-325-183-198-88-175-30-73-383-390-35-104-5-149-187-147-432-400-491-97-417-293-257-352-357-106-274-45-321-151-382-125-483-0-310-251-271-23-440-199-445-68-205-80-477-354-219-466-456-10-196-309-485-296-131-414-345-76-401-249-438-463-140-50-350-148-49-499-99-428-300-194-128-270-476-366-415-282-29-79-482-264-289-403-259-135-490-176-362-92-178-252-129-374-341-177-132-124-59-41-214-312-425-91-105-112-11-437-201-141-333-453-465-419-202-65-28-179-318-351-7-364-17-372-27-472-229-402-389-464-342-331-39-355-317-115-447-319-210-204-72-347-405-277-335-64-338-433-246-116-461-61-344-454-435-470-26-159-291-133-167-195-396-398-404-283-254-150-136-307-121-348-315-81-232-228-494-443-266-153-394-265-280-250-304-174-367-311-8-330-356-170-423-329-19-25-114-248-488-84-452-62-14-316-386-13-455-365-83-70-74-444-314-381-308-412-358-169-139-12-130-446-118-193-261-117-190-94-359-429-236-388-467-66-462-427-157-238-71-268-93-399-31-69-222-54-421-32-416-299
AG;500x20;data/ins_500_20_00.txt;4;60;0.85;0.5;300;26569;26189;1.45;14.0625;294;144-451-127-287-111-294-495-406-78-430-324-272-215-260-158-57-368-87-474-134-180-53-275-227-90-475-188-15-267-42-340-52-60-109-82-337-154-410-346-191-123-449-237-450-407-292-320-339-113-44-306-107-323-255-378-207-224-48-305-217-397-98-162-458-460-18-468-281-286-327-496-143-9-353-269-89-371-441-233-285-119-422-301-192-137-424-379-67-110-278-20-21-226-326-328-230-244-343-279-484-471-225-411-216-213-126-108-241-376-349-498-189-439-122-75-288-395-152-480-384-448-256-77-239-22-138-336-473-103-297-262-387-481-63-100-2-3-363-380-273-211-46-37-86-469-208-1-431-146-295-95-298-235-220-102-218-313-142-497-247-457-203-51-16-392-263-489-231-240-197-55-155-6-409-322-96-145-101-47-56-182-258-40-434-486-223-369-245-375-479-212-163-164-360-332-161-181-186-426-58-408-303-185-184-243-200-120-436-166-168-234-34-385-478-284-393-36-276-151-487-209-206-221-24-413-492-420-370-173-302-493-391-165-85-442-43-253-377-361-418-172-160-459-325-33-251-198-88-175-390-30-73-383-35-104-5-149-38-187-147-400-491-352-45-416-97-417-293-257-432-357-125-274-321-242-382-106-483-0-310-183-373-271-23-199-445-68-156-477-80-354-219-466-456-334-440-10-196-205-309-485-171-296-131-414-345-401-249-438-463-140-50-350-148-49-499-99-428-4-300-194-128-476-366-76-415-282-270-29-79-482-264-289-403-259-135-490-176-362-92-178-252-129-374-341-177-132-124-41-27-312-425-314-91-105-112-11-437-201-141-333-453-465-419-202-65-28-179-318-351-7-364-17-372-214-472-229-402-389-59-464-342-331-39-355-317-115-447-319-210-72-64-347-204-405-277-335-338-433-246-116-461-61-344-454-435-470-26-159-291-133-167-195-396-398-404-283-254-150-136-307-121-348-315-81-232-228-494-443-266-153-394-265-280-250-304-174-367-311-8-330-356-170-423-25-19-329-114-248-488-84-452-62-14-316-386-290-13-455-365-83-70-74-444-381-308-412-358-169-139-12-130-446-118-193-261-117-190-94-359-429-236-388-467-66-462-427-157-238-71-268-93-31-399-69-222-54-421-32-299
AG;500x20;data/ins_500_20_00.txt;5;60;0.85;0.5;300;26557;26189;1.41;14.0319;288;144-451-127-287-111-294-495-406-78-430-324-272-215-260-158-57-368-87-474-134-180-53-275-227-90-475-188-15-339-267-42-340-52-60-82-337-154-410-422-346-191-123-449-237-450-407-292-320-113-306-107-323-255-378-207-224-48-305-44-217-397-98-162-458-460-18-468-281-286-327-496-143-9-353-269-89-371-441-233-285-119-416-322-301-192-137-424-379-67-278-20-21-226-326-328-288-100-110-230-244-343-334-279-484-38-471-225-411-216-213-349-126-108-241-376-498-189-439-122-75-395-152-480-303-384-448-256-77-239-295-138-336-473-103-297-262-387-63-2-3-363-380-273-211-46-434-37-86-469-208-1-431-146-22-247-95-298-171-235-220-102-218-313-142-497-240-6-457-203-51-16-481-4-392-263-489-231-197-55-155-409-96-145-101-47-56-182-258-40-486-223-369-245-375-479-212-163-164-360-332-161-181-186-426-58-408-185-184-243-200-109-120-436-166-168-234-34-385-478-284-393-36-276-242-487-209-206-24-221-413-492-420-370-173-302-493-391-165-85-442-43-253-377-361-418-33-172-160-459-325-198-88-175-390-73-0-30-321-383-35-104-5-149-187-45-147-432-106-400-491-97-417-293-314-257-352-357-274-151-382-125-483-205-310-183-373-271-23-199-445-68-80-350-477-202-466-456-440-10-196-309-485-296-219-131-414-345-401-156-249-438-463-140-50-251-148-49-499-99-428-300-194-128-270-476-76-415-282-29-79-482-264-289-403-259-135-490-176-362-92-178-366-252-129-374-341-177-132-124-59-41-27-312-425-91-105-112-11-437-201-141-333-453-465-419-354-65-28-179-318-351-7-364-17-372-214-472-229-402-389-464-342-331-39-355-317-115-447-319-210-64-347-72-204-405-277-335-338-433-246-116-461-61-344-454-435-470-26-159-291-133-167-195-396-398-404-283-254-150-136-307-121-348-315-81-232-228-494-443-266-153-394-265-280-250-304-174-367-311-8-330-356-170-423-329-114-25-19-248-488-84-452-62-14-316-386-290-13-455-365-83-70-74-444-381-308-412-358-169-139-12-130-446-118-193-261-117-190-94-359-429-236-388-467-66-462-427-157-238-71-268-93-399-31-69-222-54-421-32-299
AG;500x20;data/ins_500_20_00.txt;6;60;0.85;0.5;300;26568;26189;1.45;14.1210;234;144-451-127-287-111-294-495-406-78-430-324-272-215-260-158-57-368-87-474-134-180-53-275-227-90-475-188-15-267-113-340-52-60-109-82-337-154-410-346-191-123-449-237-450-407-292-320-339-42-44-306-107-323-255-378-207-224-48-305-217-397-98-162-458-460-18-468-281-286-327-496-143-9-353-269-371-441-233-119-285-422-301-192-137-89-95-424-379-67-278-20-21-226-326-328-110-349-230-100-244-343-334-279-484-38-471-225-411-216-213-126-108-376-498-189-439-122-75-288-395-152-480-303-384-448-256-77-239-295-241-138-336-473-103-297-262-387-481-63-2-3-363-380-142-273-211-46-37-86-469-208-1-431-146-22-298-235-220-102-218-313-497-240-247-45-457-203-51-16-4-392-263-489-231-197-55-155-156-6-409-96-145-101-47-56-182-258-40-486-223-369-245-491-375-479-212-163-164-360-332-161-181-186-426-58-408-185-184-147-243-200-120-436-166-168-234-34-385-478-284-393-36-276-242-487-209-206-24-221-413-492-420-370-352-173-302-493-165-85-442-253-377-361-418-33-172-160-459-325-251-198-175-390-30-73-383-35-104-88-5-149-187-432-400-97-417-293-257-76-357-106-322-274-321-151-382-125-483-0-205-310-183-373-271-23-199-445-68-401-391-80-477-354-219-466-456-440-10-309-485-171-296-196-131-414-394-345-249-438-463-140-50-350-148-49-499-99-428-300-194-128-270-476-366-415-282-29-79-482-264-289-403-259-135-490-176-362-92-178-252-129-374-341-177-132-124-59-41-27-312-425-91-105-112-11-437-201-141-333-453-465-419-202-65-28-434-179-318-7-364-17-372-214-472-43-229-416-338-402-389-464-342-331-39-355-317-115-447-319-210-64-347-72-204-405-195-335-351-433-246-461-116-61-344-454-435-470-26-159-291-133-167-277-396-398-404-283-254-150-136-307-121-348-315-81-232-228-494-443-266-153-265-280-250-304-174-367-311-8-330-356-170-423-329-19-25-488-114-248-84-452-62-14-316-386-290-13-455-365-83-70-74-444-314-381-308-412-358-169-139-12-130-446-118-193-261-117-190-94-359-429-236-388-467-66-462-427-157-238-71-268-93-399-31-69-222-54-421-32-299
AG;500x20;data/ins_500_20_00.txt;7;60;0.85;0.5;300;26550;26189;1.38;14.1624;289;144-451-127-287-111-294-495-406-78-430-324-272-215-260-158-57-368-87-474-134-180-53-275-90-475-188-15-267-42-340-52-60-109-82-337-154-410-346-191-123-449-450-407-292-320-339-113-44-48-306-107-323-255-378-207-224-305-217-397-98-237-162-458-460-18-468-281-286-327-496-143-9-353-269-89-371-441-233-285-119-422-322-301-192-137-424-379-67-416-278-20-21-226-326-328-100-110-230-349-343-334-279-484-38-471-225-411-216-213-126-108-241-376-498-189-439-122-75-288-395-152-480-303-384-448-256-77-239-295-138-336-473-103-297-262-387-481-63-2-3-363-380-273-211-46-37-86-469-208-1-431-146-22-95-298-235-220-102-218-313-142-497-240-247-457-203-51-16-4-392-263-489-231-197-55-155-156-6-409-145-96-284-101-47-56-223-258-40-244-434-486-182-245-375-479-212-163-164-360-332-161-181-186-43-426-58-408-185-184-243-200-120-436-166-168-234-34-385-478-393-36-276-242-209-206-24-221-413-492-420-370-173-302-493-391-85-442-369-253-377-361-418-33-172-160-459-325-251-227-487-198-88-175-390-30-73-383-35-149-104-314-5-187-45-147-432-400-491-97-417-293-257-352-357-354-274-321-151-382-125-483-0-205-310-183-373-271-23-199-445-68-80-477-106-219-466-456-440-10-196-345-309-485-171-296-131-414-401-249-438-463-140-50-350-148-49-499-99-428-300-194-128-270-476-366-76-415-289-29-79-61-264-282-403-259-135-490-176-362-92-178-252-129-374-341-177-132-124-59-27-312-425-91-105-112-11-437-201-41-141-333-453-465-419-202-65-28-179-318-351-7-315-364-17-372-214-472-229-165-402-389-464-342-331-39-355-319-115-447-317-210-64-347-72-204-405-277-335-338-433-246-116-461-482-344-454-435-133-26-159-291-470-167-195-396-398-404-283-254-150-136-307-121-348-81-232-228-494-443-266-153-394-265-280-250-304-423-174-367-311-8-330-356-170-329-452-19-25-114-248-488-84-62-14-316-386-290-13-455-365-83-70-74-444-381-308-412-358-169-139-12-130-446-118-193-261-117-190-94-359-429-236-388-467-66-462-427-157-238-71-268-93-399-31-69-222-54-421-32-299
AG;500x20;data/ins_500_20_00.txt;8;60;0.85;0.5;300;26588;26189;1.52;14.1665;294;144-451-127-287-111-294-495-406-78-430-324-272-215-260-158-57-368-87-474-134-180-53-275-227-90-475-188-15-267-42-340-52-60-109-82-337-154-410-346-191-123-449-237-450-407-292-320-339-113-44-306-107-323-255-378-207-224-48-305-217-397-98-458-460-18-468-281-286-327-496-143-9-353-269-89-371-441-233-285-422-301-192-137-379-67-278-20-21-226-326-328-100-110-349-230-244-343-334-279-484-38-471-225-411-216-213-126-108-241-376-498-189-439-122-75-247-288-395-152-480-303-384-448-256-77-239-119-295-138-336-473-103-297-262-387-481-63-2-3-363-380-273-46-37-86-469-208-1-431-146-211-22-95-298-235-220-102-218-313-142-497-240-457-203-51-16-4-392-489-231-197-55-155-6-409-96-145-101-47-56-182-258-40-434-424-486-223-369-245-375-479-212-163-257-164-360-332-161-181-186-426-58-408-185-184-243-200-120-436-34-166-168-234-385-478-156-284-393-36-276-242-487-322-209-206-24-221-413-492-420-370-173-416-302-493-165-85-442-43-253-377-361-418-33-172-160-459-325-251-198-88-175-390-30-73-162-383-35-104-5-149-187-45-147-432-400-491-97-417-263-352-357-106-274-321-151-382-125-483-0-205-310-183-373-391-271-23-199-445-68-80-477-354-219-466-456-440-10-196-309-485-171-296-131-414-345-401-124-249-438-463-140-50-350-148-49-499-99-293-428-300-194-128-270-476-366-76-415-282-29-79-482-264-289-403-259-135-490-176-362-92-178-252-129-374-341-177-132-59-41-27-312-425-91-105-112-11-437-201-64-453-465-419-315-202-65-28-179-318-351-115-364-17-372-214-472-229-402-389-464-342-331-333-39-355-317-7-447-319-210-141-347-72-204-405-277-335-338-433-246-116-461-61-344-454-435-470-26-159-291-133-167-195-396-398-404-283-254-150-136-307-121-348-81-232-228-494-443-266-153-394-265-280-250-304-174-367-311-8-330-356-170-423-329-19-25-114-248-488-84-452-62-14-316-386-290-13-455-365-83-70-74-444-314-381-308-412-358-169-139-12-130-446-118-193-261-117-190-94-359-429-236-388-467-66-462-427-157-238-71-268-93-31-399-69-222-54-421-32-299
AG;500x20;data/ins_500_20_00.txt;9;60;0.85;0.5;300;26584;26189;1.51;14.0932;259;144-451-127-287-294-111-495-406-78-430-324-272-215-260-158-57-368-87-474-134-180-53-275-227-90-100-475-188-15-267-42-340-52-60-109-82-337-154-410-416-346-191-123-449-237-450-407-292-320-339-113-44-306-107-323-255-378-207-224-48-305-217-397-98-162-458-460-18-468-281-286-327-496-143-9-353-269-89-371-441-233-285-119-422-322-301-343-192-147-424-379-67-278-20-21-226-326-328-110-349-230-334-279-484-38-471-225-411-244-216-213-126-108-241-75-498-189-295-122-376-288-395-152-303-384-448-256-77-239-439-138-336-103-297-262-387-481-63-2-3-363-380-273-211-46-37-480-86-469-208-1-431-146-22-95-298-235-220-102-218-313-497-240-247-457-203-51-16-4-392-263-489-231-197-55-155-156-6-142-409-96-145-47-101-56-182-258-40-434-486-88-223-369-245-375-479-212-163-360-332-161-181-186-426-58-408-185-184-243-200-120-436-166-168-234-473-34-385-478-284-164-393-36-276-242-487-209-206-24-221-413-492-420-370-173-302-85-493-391-165-442-43-253-377-361-418-33-172-160-459-325-251-198-175-390-73-383-30-35-104-5-149-187-45-137-432-125-491-97-417-199-293-257-352-357-106-274-321-151-382-400-483-0-310-183-373-271-23-445-68-80-477-354-219-466-456-440-10-196-309-485-171-296-490-131-414-345-49-249-438-463-140-50-350-148-401-499-99-428-300-194-128-476-270-366-76-415-282-29-79-482-264-289-403-259-135-205-176-362-92-312-178-252-177-129-374-341-132-124-59-41-27-425-91-105-112-11-437-201-141-333-453-465-419-202-65-28-179-318-351-7-364-17-214-472-229-372-402-389-464-342-331-39-355-317-115-447-319-210-64-347-72-204-405-277-335-338-433-246-116-461-61-344-454-435-470-26-159-291-133-167-195-396-398-404-283-254-150-136-307-121-348-315-81-232-228-494-443-266-153-394-265-280-250-304-174-367-311-8-330-356-170-423-329-19-25-114-248-488-84-452-62-14-316-386-290-13-455-365-83-70-74-444-314-381-308-412-358-169-139-12-130-446-118-193-261-117-190-94-359-429-236-388-467-66-462-427-157-238-71-268-93-399-31-69-222-54-421-32-299
AG;500x20;data/ins_500_20_00.txt;10;60;0.85;0.5;300;26581;26189;1.50;14.1305;289;144-451-127-287-111-294-495-406-78-430-324-272-215-260-158-57-368-87-474-134-180-53-275-227-90-475-188-15-267-42-340-52-60-109-82-337-154-410-346-191-449-123-237-450-407-292-320-339-113-44-306-107-323-255-378-207-224-48-217-397-98-162-458-460-18-468-281-286-327-496-143-9-353-269-89-371-441-233-285-119-422-322-301-192-137-424-379-67-278-20-21-226-328-100-110-349-230-244-343-334-279-484-38-471-225-411-216-55-213-126-108-241-376-498-189-439-122-75-288-395-152-480-303-384-448-256-77-239-295-138-336-473-103-297-262-387-481-63-2-3-380-273-363-211-46-37-86-208-1-431-146-22-95-298-235-220-145-102-218-313-142-497-240-305-312-247-457-469-203-51-16-4-392-489-231-197-155-156-6-96-409-101-47-326-56-182-258-40-434-486-223-369-245-375-479-212-163-164-360-332-161-181-186-426-58-408-185-184-243-416-200-120-436-166-168-234-34-385-478-284-393-36-276-242-487-263-209-206-24-221-413-492-420-370-173-302-391-165-85-442-69-43-253-493-377-361-418-33-172-160-459-325-251-88-175-390-30-73-383-35-104-382-149-187-45-147-432-400-491-97-5-417-293-28-257-205-352-357-106-274-321-151-198-125-483-0-183-373-271-23-199-445-68-80-477-354-466-456-440-10-196-309-485-171-296-131-310-414-401-345-249-438-463-140-50-201-350-219-49-499-99-428-300-194-128-270-476-366-415-282-29-79-482-264-76-289-403-259-135-490-176-362-92-178-252-129-374-341-177-132-124-59-27-425-91-105-112-11-437-148-141-333-453-465-419-202-65-179-318-351-7-41-364-17-372-214-472-229-402-389-464-331-39-355-317-115-447-319-210-64-347-72-204-405-277-335-338-433-246-116-461-396-61-344-454-435-470-12-159-291-133-167-195-398-404-283-254-342-150-136-307-121-348-315-81-232-228-494-443-266-153-394-265-280-250-304-174-367-311-8-330-356-170-423-329-19-25-114-248-488-84-452-62-14-316-386-290-13-455-365-83-70-74-444-314-381-308-412-358-169-139-26-130-446-118-193-261-117-190-94-359-429-236-388-467-66-462-427-157-238-71-268-93-399-31-222-54-421-32-299
AG;500x20;data/ins_500_20_00.txt;11;60;0.85;0.5;300;26618;26189;1.64;14.1136;289;144-451-127-287-111-294-495-406-78-430-324-272-215-260-158-57-0-87-474-134-180-53-275-227-90-475-188-15-267-42-340-52-60-109-82-337-154-410-346-191-123-449-237-450-407-292-48-320-113-44-306-107-323-255-378-207-224-305-217-397-339-98-162-458-460-18-468-281-286-327-496-143-9-353-269-89-371-441-233-285-119-422-322-301-192-137-424-379-67-278-20-21-226-326-328-100-230-110-349-416-244-279-343-484-38-471-225-411-216-213-126-108-241-376-498-189-122-439-75-288-395-152-480-303-384-448-256-77-239-295-138-336-473-103-297-262-387-481-63-2-3-363-380-273-211-46-37-86-469-208-1-431-146-22-95-298-235-220-102-218-142-497-385-240-313-247-457-203-51-16-4-392-263-489-231-197-55-155-156-6-409-96-145-332-47-56-182-258-40-434-486-223-369-245-375-479-212-163-164-360-101-161-181-186-426-58-408-185-184-243-200-120-436-166-168-234-34-478-284-393-36-276-242-209-206-24-413-221-487-492-420-370-173-302-493-391-165-85-442-43-253-377-361-418-33-172-160-459-325-251-198-88-175-390-30-73-183-383-35-104-5-149-187-45-147-432-400-491-97-334-417-293-352-357-106-274-321-151-382-125-368-205-310-271-23-199-483-76-445-68-80-477-354-219-466-456-440-10-196-309-485-171-257-296-131-414-345-401-249-438-463-140-50-350-49-499-282-428-300-194-128-270-476-366-373-415-99-29-79-482-148-264-289-403-259-135-490-176-362-92-178-252-129-374-341-177-132-124-59-41-27-312-425-91-105-112-11-437-201-141-333-453-465-419-202-65-28-179-318-351-7-364-17-372-214-472-229-402-389-464-342-331-39-355-317-115-447-319-210-64-204-347-72-405-277-335-338-433-246-116-461-61-344-454-435-470-26-159-291-133-167-195-396-398-150-283-254-404-136-307-121-348-315-81-232-228-494-443-266-153-394-265-280-250-304-174-367-311-8-330-356-170-423-329-19-25-114-248-488-84-452-62-14-316-386-290-13-455-365-83-70-74-444-314-381-308-412-358-169-139-12-130-446-118-193-261-117-190-94-359-429-236-388-467-66-462-427-157-238-71-268-93-399-31-69-222-54-421-32-299
AG;500x20;data/ins_500_20_00.txt;12;60;0.85;0.5;300;26586;26189;1.52;14.3877;274;144-451-127-287-111-294-495-406-78-430-324-272-215-260-158-57-368-87-474-134-180-53-275-227-90-475-188-267-42-340-52-60-109-82-337-154-410-15-346-191-123-449-450-407-237-292-320-339-113-44-306-107-323-255-207-224-48-305-217-397-98-162-458-460-18-468-281-286-327-496-143-9-353-378-269-89-371-441-233-285-119-422-322-301-192-137-424-379-67-278-21-226-326-328-100-110-349-230-244-343-334-279-484-38-471-225-411-216-126-108-241-376-498-189-439-122-75-288-395-213-152-480-303-384-448-256-77-239-295-138-336-473-103-297-262-22-387-481-63-2-3-363-380-273-211-46-37-86-469-208-1-431-146-95-298-235-220-102-218-313-142-497-240-247-457-203-51-16-4-392-263-489-231-197-55-155-156-6-409-96-145-101-47-56-182-258-40-434-486-223-369-245-375-479-212-163-169-360-332-161-181-186-58-408-185-184-243-426-200-120-436-166-168-234-34-385-478-284-393-36-276-242-361-209-206-24-221-413-492-420-370-173-302-493-391-97-165-85-442-43-253-377-487-418-33-172-160-459-325-251-198-88-175-390-30-73-383-20-35-104-5-149-187-45-147-432-400-491-417-293-257-352-357-416-350-106-274-321-151-382-125-483-0-205-310-183-271-373-199-445-259-68-80-477-419-219-466-456-440-10-196-309-485-171-296-131-414-345-401-249-438-463-140-50-148-49-499-99-428-300-194-128-270-476-366-76-415-282-29-79-482-264-289-403-252-135-490-176-362-92-178-129-374-341-177-132-124-59-41-27-312-425-91-105-112-11-437-201-141-333-472-465-354-202-65-28-179-318-351-7-364-17-372-214-453-229-402-389-464-342-23-331-39-355-317-115-447-319-210-64-347-72-204-405-277-335-338-433-246-116-461-61-344-454-435-470-26-159-291-133-167-195-396-398-404-283-254-150-136-307-121-348-315-81-232-228-494-443-266-153-394-265-280-250-304-174-367-311-8-330-356-170-423-329-19-25-114-248-488-84-452-62-14-316-386-290-13-455-365-83-70-74-444-314-381-308-412-358-139-12-130-446-118-193-261-164-117-190-94-359-429-236-388-467-66-462-427-157-238-71-268-93-399-31-69-222-54-421-32-299
AG;500x20;data/ins_500_20_00.txt;13;60;0.85;0.5;300;26576;26189;1.48;14.0897;284;144-451-287-127-111-294-495-406-78-430-324-272-215-260-158-57-368-87-474-134-180-53-275-227-90-475-188-15-267-42-340-52-60-109-82-337-154-410-416-346-191-123-449-237-450-407-292-320-339-113-44-306-107-323-255-378-207-224-48-305-217-397-286-98-162-460-18-468-281-327-496-143-9-353-269-89-371-441-233-285-119-422-301-192-137-424-379-67-278-20-21-226-326-328-100-110-349-230-244-343-334-279-484-38-471-225-411-216-213-126-108-376-498-189-122-439-75-288-395-152-480-303-384-448-256-77-239-295-138-336-473-297-387-481-262-63-2-3-363-241-380-273-211-247-46-37-86-1-431-146-22-95-298-235-220-469-103-102-208-218-313-142-497-240-457-203-51-16-4-392-263-489-485-197-55-155-156-96-6-409-145-101-47-56-486-40-434-182-223-369-245-375-479-212-163-164-360-332-161-181-186-426-58-408-185-184-243-200-436-166-168-458-234-120-34-385-478-476-393-284-242-258-276-36-487-209-206-24-221-413-492-420-370-173-302-493-391-165-85-442-43-253-377-361-418-33-172-160-459-325-30-251-198-88-350-175-5-73-383-35-104-149-106-187-45-147-322-310-432-390-400-491-97-417-293-257-352-357-274-321-151-382-125-483-0-205-183-373-271-23-199-445-68-80-477-354-219-466-456-440-10-196-309-231-171-296-131-414-345-401-249-438-463-140-50-148-49-499-99-428-300-194-282-270-29-366-76-415-128-79-482-264-289-403-259-135-490-176-362-92-178-252-129-374-341-177-132-124-59-41-27-312-425-91-105-112-11-437-201-141-333-453-465-419-202-65-28-179-318-351-7-364-17-372-214-472-229-402-389-464-342-331-355-39-317-115-447-319-347-210-64-72-204-405-277-335-338-433-246-461-61-344-454-435-470-26-159-291-133-116-167-195-396-398-404-283-254-150-136-307-121-348-315-81-232-228-494-443-266-153-394-265-280-250-304-174-367-8-330-356-311-170-423-329-19-25-114-248-488-84-452-62-14-316-386-290-13-455-365-83-70-74-444-314-381-308-412-358-169-139-118-12-130-446-193-261-117-190-94-359-429-236-388-467-66-462-427-157-238-71-268-93-399-31-69-222-54-421-32-299
AG;500x20;data/ins_500_20_00.txt;14;60;0.85;0.5;300;26562;26189;1.42;14.0967;260;144-451-127-287-111-294-495-406-78-430-324-272-215-260-158-57-368-87-474-134-180-53-275-227-90-475-188-15-267-42-340-52-60-109-82-337-154-410-346-191-123-449-237-450-407-292-320-339-113-48-44-224-107-323-255-378-207-306-305-217-397-98-162-458-460-18-468-281-286-327-496-484-143-9-353-269-89-371-441-233-285-119-422-322-301-192-247-424-379-67-278-20-21-226-326-328-100-110-349-230-244-343-334-279-38-471-225-411-216-213-126-108-395-376-498-189-439-122-75-288-241-152-480-262-384-448-256-77-239-295-138-336-473-103-297-303-387-481-63-2-3-363-380-273-211-46-37-86-208-1-431-146-22-95-298-235-220-218-469-313-142-497-240-137-457-486-203-51-16-4-392-151-489-231-197-55-155-156-409-96-145-101-47-56-182-258-332-434-102-88-223-369-245-375-212-163-164-360-6-161-181-186-426-58-408-185-184-243-200-120-436-166-168-234-34-385-478-284-393-36-276-242-209-206-24-221-413-492-420-370-173-302-493-391-165-35-85-442-43-253-377-361-418-33-172-160-459-325-251-198-69-175-390-30-73-383-487-104-357-149-187-45-400-147-491-97-416-354-417-293-257-352-5-106-274-321-263-382-125-483-0-205-310-183-40-373-271-350-23-199-445-68-477-479-432-463-219-466-456-440-10-196-309-485-171-296-131-414-345-401-249-140-50-148-49-499-99-428-194-128-270-64-300-476-366-289-76-415-282-29-79-482-264-80-403-259-438-135-490-176-362-92-178-252-129-374-341-177-132-124-59-41-27-312-425-91-105-112-11-437-201-141-333-453-465-419-202-65-28-179-318-351-7-364-17-372-214-472-229-402-389-464-342-331-39-355-317-115-447-319-210-394-347-72-204-405-277-335-338-433-246-116-461-61-344-454-435-470-26-159-291-133-167-195-396-398-404-283-254-150-136-307-121-232-315-81-348-228-494-443-266-153-265-280-250-304-174-367-8-330-356-170-423-329-19-25-114-248-311-488-84-452-62-14-316-386-290-13-455-365-83-70-74-444-314-381-308-412-358-169-139-12-130-446-118-193-261-117-190-94-359-429-236-388-467-66-462-427-157-238-71-268-93-399-31-222-54-421-32-299
AG;500x20;data/ins_500_20_00.txt;15;60;0.85;0.5;300;26606;26189;1.59;14.0948;248;144-451-127-287-111-294-495-406-78-430-324-272-215-260-158-57-368-87-474-134-180-53-275-227-90-475-188-267-42-340-52-60-109-82-154-410-123-191-346-449-237-450-407-292-320-339-113-44-306-107-323-255-378-207-337-224-48-305-217-397-98-241-162-458-460-18-468-281-286-327-496-143-9-353-269-89-371-441-233-285-119-422-297-301-192-137-424-379-67-278-20-21-226-326-328-100-110-349-230-244-343-334-279-484-38-471-225-411-216-213-88-126-108-376-498-189-439-122-75-288-395-152-480-303-384-448-256-77-239-295-138-336-473-103-322-262-387-481-63-2-3-363-380-273-211-46-37-86-469-208-1-431-146-22-95-298-235-220-102-218-313-142-497-240-247-457-203-51-16-4-392-489-231-197-55-155-156-6-409-96-145-101-47-56-182-258-40-434-486-15-223-369-245-375-479-212-163-164-360-332-161-263-181-184-426-58-408-185-186-243-200-120-436-166-168-34-385-478-284-393-36-276-234-242-209-206-24-221-413-492-420-370-173-302-493-165-391-85-442-43-253-377-361-418-33-160-459-325-251-198-175-487-390-30-73-383-35-104-5-149-187-45-257-147-432-400-491-97-417-352-357-172-106-274-321-382-125-483-0-310-183-373-271-440-293-23-199-445-68-80-477-354-466-456-151-10-196-414-309-205-485-171-296-131-345-401-249-438-463-140-50-350-148-282-49-499-99-428-300-194-128-270-476-366-312-76-415-219-29-79-482-264-289-403-259-135-490-176-362-92-178-252-129-374-341-177-132-124-59-41-27-425-91-105-112-11-437-201-141-333-453-465-419-202-65-28-179-318-351-7-364-17-372-214-472-229-402-389-464-342-331-39-355-315-115-447-319-210-64-347-72-204-405-277-335-338-433-246-116-461-61-344-454-435-470-26-159-291-133-167-195-396-398-404-283-254-280-136-307-121-62-348-317-81-232-228-494-443-266-153-394-265-150-304-174-367-311-8-330-356-170-423-329-19-25-114-248-488-84-452-14-316-386-290-250-13-455-365-83-416-70-74-444-314-381-308-412-358-169-139-12-130-446-118-193-261-117-190-94-359-429-236-388-467-66-462-427-157-238-71-268-93-399-31-69-222-54-421-32-299
AG;500x20;data/ins_500_20_00.txt;16;60;0.85;0.5;300;26572;26189;1.46;14.1852;284;144-451-127-287-111-294-495-406-78-430-324-272-215-260-158-57-368-87-474-134-180-53-275-90-475-188-267-42-340-52-60-109-82-337-227-154-410-346-191-123-449-237-450-407-292-320-339-113-306-107-323-255-378-207-224-48-305-217-397-44-98-162-458-460-18-468-281-286-327-496-143-9-353-269-89-371-441-233-285-119-422-322-301-192-137-424-379-67-20-21-278-226-343-328-100-110-349-245-230-244-326-334-279-484-38-471-225-411-216-288-126-108-241-376-498-189-439-122-75-213-395-152-480-303-384-448-256-77-295-239-138-336-473-103-297-262-387-481-63-2-3-22-380-273-211-46-37-86-469-208-1-431-146-95-298-235-220-102-218-313-142-497-240-247-457-203-51-16-4-392-263-489-231-197-55-155-156-6-409-96-145-101-56-182-369-258-40-434-486-223-47-375-479-212-163-164-360-332-161-181-186-426-58-408-185-184-243-200-120-436-166-168-234-34-385-478-284-393-36-276-242-487-209-206-24-221-413-492-420-370-173-15-302-493-391-165-85-442-43-253-377-361-418-33-172-160-459-325-251-198-175-390-363-30-73-383-35-104-5-149-187-147-432-400-491-97-417-293-257-352-357-183-274-321-151-69-382-125-483-0-10-310-106-373-271-23-199-445-68-477-354-219-416-466-456-440-205-196-309-485-171-80-499-296-131-414-345-401-249-438-463-88-140-50-350-148-49-45-99-428-300-194-128-270-476-366-76-415-282-29-79-482-264-289-403-259-135-490-176-362-92-178-252-129-374-341-177-132-124-59-41-27-312-425-91-105-112-11-437-201-141-333-453-465-419-202-65-28-179-318-351-7-364-317-372-214-472-229-402-389-464-342-331-39-355-17-115-447-319-210-64-347-72-204-405-277-335-338-433-246-116-398-461-61-344-454-435-470-315-159-291-133-167-195-396-404-283-254-150-136-307-121-348-26-81-232-228-494-443-266-153-394-265-280-250-304-174-367-311-8-330-356-170-423-329-19-25-114-248-488-84-452-62-14-316-386-290-13-455-365-83-70-74-444-314-381-308-412-358-169-139-12-130-446-118-193-261-117-190-94-429-359-236-388-467-66-462-427-157-238-71-268-31-93-399-222-54-421-32-299
AG;500x20;data/ins_500_20_00.txt;17;60;0.85;0.5;300;26562;26189;1.42;14.0408;245;144-451-127-287-111-294-495-406-78-430-272-215-260-158-57-368-87-474-134-180-53-275-227-90-475-188-15-267-42-340-52-60-109-82-337-154-410-416-346-191-123-449-237-450-407-292-320-377-339-113-44-306-107-323-175-255-378-207-224-48-305-217-397-98-162-458-460-18-468-281-286-327-496-353-9-441-269-89-371-143-285-119-422-301-192-137-424-379-67-278-20-21-226-326-328-100-110-349-322-213-230-244-343-334-279-484-38-471-411-216-126-108-241-376-498-189-439-122-75-288-395-152-480-303-384-448-256-77-239-295-138-336-473-103-297-262-387-481-63-2-3-363-225-380-273-211-46-37-86-469-208-1-6-431-146-22-95-298-235-220-102-218-313-142-497-240-373-394-233-247-457-203-51-16-4-392-263-489-231-197-55-155-156-409-96-145-101-47-56-182-258-40-434-486-223-369-245-375-479-212-163-164-360-332-161-181-186-426-58-408-185-184-243-200-120-436-166-168-234-34-172-478-284-393-36-276-242-487-209-206-24-221-413-492-420-370-173-302-493-391-165-85-442-43-253-324-361-418-33-385-160-459-325-198-88-390-30-73-383-35-104-5-149-187-45-147-432-400-491-97-417-293-257-352-357-106-274-321-151-382-125-483-0-205-310-183-271-23-199-445-68-80-477-354-219-251-466-456-440-10-196-309-485-171-296-131-414-345-401-249-438-463-140-50-350-148-49-499-428-300-194-128-270-476-366-76-415-282-29-79-482-264-99-289-403-259-135-490-176-362-92-178-252-129-374-341-177-132-124-59-41-27-312-425-91-105-112-11-437-201-141-398-333-453-465-419-202-65-28-179-318-351-7-364-17-372-214-472-402-389-464-342-331-39-355-317-115-447-319-210-64-347-72-204-405-277-229-335-338-433-246-116-461-61-344-454-435-470-26-159-291-133-167-195-396-283-254-150-136-307-121-348-315-81-232-228-494-443-266-153-314-265-280-250-304-367-174-404-311-8-330-356-170-248-329-19-25-114-423-488-84-452-62-14-316-386-290-13-455-365-83-70-74-444-381-308-412-358-169-139-12-130-446-118-193-261-117-190-94-359-429-236-388-467-66-462-427-157-238-71-268-93-399-31-69-222-54-421-32-299
AG;500x20;data/ins_500_20_00.txt;18;60;0.85;0.5;300;26544;26189;1.36;14.0757;288;144-451-127-287-111-294-495-406-78-430-324-272-215-260-158-57-368-87-474-134-180-53-275-90-475-188-15-267-42-340-52-60-109-82-337-154-410-346-191-123-449-237-450-407-292-320-339-113-44-306-107-323-223-255-378-224-48-305-217-397-207-98-162-458-460-18-468-281-286-327-496-143-9-353-269-89-371-441-285-119-422-322-301-192-137-424-379-67-278-20-21-226-326-328-100-110-334-349-230-244-416-279-288-38-471-225-411-216-213-126-108-241-376-498-189-439-122-75-395-484-152-480-303-384-448-256-77-343-295-138-336-473-103-297-262-387-481-2-3-363-380-273-211-46-37-86-469-208-1-155-146-22-95-63-298-239-235-220-102-218-313-142-497-240-247-457-203-51-16-392-263-489-231-197-55-431-156-6-409-96-145-101-47-56-182-233-258-227-40-434-486-369-245-391-314-375-479-212-163-4-360-332-161-181-186-426-58-408-185-184-243-200-120-436-166-168-234-34-383-478-284-393-36-164-276-242-487-209-206-24-221-413-492-420-370-173-302-493-165-85-385-442-43-253-377-361-418-33-172-160-45-325-251-198-88-175-390-73-35-104-5-149-187-459-147-432-400-491-97-417-257-352-357-106-274-321-151-382-125-483-0-205-310-183-373-271-23-199-445-68-80-477-354-219-466-456-440-10-196-309-485-171-296-131-414-345-401-438-463-140-50-350-249-49-499-99-428-300-194-148-128-270-476-366-76-415-282-29-79-482-264-293-289-403-259-135-490-176-362-92-178-252-129-374-341-177-132-124-59-27-105-312-425-41-112-11-437-447-201-141-333-453-465-419-202-65-28-179-318-351-7-364-17-372-214-472-229-402-389-464-342-331-39-355-317-115-91-338-210-64-347-72-315-405-277-280-335-30-319-433-246-116-461-61-344-454-435-470-26-159-291-133-167-195-396-398-404-283-254-150-136-307-121-348-204-81-232-228-494-443-266-153-394-265-250-304-174-367-311-8-330-356-170-423-329-19-25-114-248-488-84-452-62-14-316-386-290-13-455-365-83-70-74-444-381-308-412-358-169-139-12-130-446-118-193-261-117-190-94-359-429-236-388-467-66-462-427-157-238-71-268-93-399-31-69-222-54-421-32-299
AG;500x20;data/ins_500_20_00.txt;19;60;0.85;0.5;300;26567;26189;1.44;14.1446;239;144-451-127-287-111-294-495-406-78-430-324-272-215-260-158-57-368-87-474-134-180-53-275-227-90-475-188-15-267-42-340-52-60-109-82-337-154-410-346-191-123-449-237-450-407-292-320-339-113-44-306-107-323-255-378-207-224-48-305-217-397-98-162-458-460-18-468-281-286-327-496-143-9-353-269-371-441-233-285-119-89-301-192-137-424-379-67-422-278-20-21-226-326-328-288-110-349-230-244-334-279-484-38-471-225-411-216-213-126-108-241-376-498-189-439-122-75-100-395-152-303-384-448-256-77-239-295-138-336-473-103-297-262-2-481-63-387-3-363-380-273-46-37-86-469-208-1-431-146-22-95-298-235-220-102-6-218-313-142-497-240-247-457-203-51-16-4-392-263-489-231-197-55-155-156-409-96-145-101-47-56-182-258-40-434-486-223-369-245-375-479-212-163-164-360-332-161-181-186-426-58-408-185-184-243-200-120-436-166-168-234-34-385-480-478-284-420-393-36-211-276-242-322-88-416-487-209-206-24-221-413-492-370-173-302-391-165-85-442-43-253-377-333-361-418-493-33-172-160-459-325-251-198-175-390-30-73-383-35-104-5-149-187-45-147-432-499-400-491-97-417-293-343-257-352-357-106-274-321-151-382-440-125-483-0-205-310-183-373-271-23-199-445-68-80-477-354-219-466-456-10-196-309-485-171-296-131-414-345-401-249-438-463-140-50-350-148-49-99-428-300-194-128-270-476-366-76-415-282-29-79-482-264-403-259-135-490-176-178-362-92-252-129-374-341-177-132-124-59-41-27-312-425-91-105-289-112-11-464-201-141-453-465-419-202-65-28-179-318-351-7-364-17-372-214-472-229-402-389-437-342-331-39-355-317-115-447-319-210-64-347-72-204-405-277-335-338-433-246-116-461-61-344-454-435-470-26-159-291-133-167-195-396-398-404-283-150-136-307-121-254-348-315-81-232-228-494-443-266-314-311-394-265-280-250-304-174-367-153-8-330-356-170-423-329-19-25-114-248-488-84-452-62-14-316-386-290-13-455-365-83-70-74-444-381-308-412-358-169-139-12-130-446-118-193-261-117-190-94-359-429-236-388-467-66-462-427-157-238-71-268-93-399-31-69-222-54-421-32-299
AG;500x20;data/ins_500_20_00.txt;20;60;0.85;0.5;300;26619;26189;1.64;14.0840;208;144-451-127-287-111-294-495-406-78-430-324-272-215-260-158-57-368-87-474-134-180-53-275-227-90-475-188-15-267-42-340-52-60-109-82-337-154-410-416-346-191-123-449-237-373-450-407-292-320-339-113-44-306-107-323-255-378-207-224-48-305-217-397-98-162-458-460-18-468-281-286-327-496-143-441-9-353-269-89-371-233-285-119-422-484-301-192-137-424-67-278-20-21-226-326-328-100-110-349-230-244-343-334-279-322-38-471-225-411-216-379-213-126-108-376-498-189-439-122-75-288-395-152-480-303-384-448-256-77-239-295-138-336-473-103-297-262-387-481-63-2-3-380-273-211-46-37-86-469-208-1-431-146-22-95-298-363-235-220-102-218-247-313-142-497-240-241-457-203-51-16-4-392-263-155-489-231-197-55-156-6-409-96-145-101-47-56-182-258-40-434-88-486-223-369-245-375-479-212-163-164-360-332-161-181-186-426-58-408-185-184-243-200-120-436-166-168-234-34-385-478-284-393-36-276-242-487-209-206-24-221-413-492-420-370-173-493-391-165-85-442-43-253-377-361-418-33-172-160-459-325-251-198-175-390-30-73-383-35-104-5-149-187-45-147-432-400-491-97-417-293-257-352-357-106-274-321-151-382-125-483-0-205-310-183-271-23-199-445-68-80-477-354-219-302-466-148-456-440-10-196-309-485-171-296-131-414-345-401-438-76-463-50-350-140-49-499-428-300-194-128-270-476-366-415-282-29-79-482-264-289-403-259-99-135-490-176-362-92-249-178-252-129-374-341-177-132-124-59-41-27-312-425-91-105-112-11-437-201-141-333-453-465-419-202-65-28-179-318-351-7-364-17-372-214-472-402-229-389-464-342-331-39-355-317-115-447-319-210-64-347-72-204-405-277-335-338-433-246-116-461-61-344-454-435-470-26-159-291-133-150-167-195-396-398-404-283-254-136-307-121-348-315-81-232-228-494-443-266-153-394-265-280-250-304-174-367-311-8-330-356-170-423-329-19-25-114-488-248-84-452-62-14-316-386-290-13-455-365-83-70-74-444-314-381-308-412-358-169-139-12-130-446-118-193-261-117-190-94-359-429-236-388-467-66-462-427-157-238-71-268-93-399-31-69-222-54-421-32-299
AG;500x20;data/ins_500_20_00.txt;21;60;0.85;0.5;300;26574;26189;1.47;14.1289;287;144-451-127-287-111-294-495-406-78-430-324-272-215-260-158-57-368-87-474-134-180-53-42-227-90-475-188-15-267-275-340-52-60-109-82-337-154-410-346-191-123-449-237-450-407-292-320-339-113-44-306-107-323-255-378-207-224-48-305-217-397-98-162-458-460-18-468-281-286-327-496-143-9-353-269-89-441-233-285-119-422-322-301-192-137-424-379-67-278-20-434-21-226-471-328-100-110-230-244-343-349-334-279-484-38-288-326-225-411-216-108-126-213-241-376-498-189-439-122-75-395-152-480-303-384-448-211-256-77-239-295-138-336-473-103-297-262-387-481-63-2-3-363-380-273-46-37-86-469-240-208-1-431-146-22-95-298-235-220-102-218-313-142-497-247-457-203-51-16-392-263-489-231-197-55-155-156-6-409-96-145-101-47-56-182-258-40-371-486-4-420-223-369-245-375-479-212-163-164-360-332-161-181-186-426-58-408-185-184-243-200-120-436-166-168-234-34-478-284-259-393-36-276-242-487-209-206-24-221-413-492-370-173-493-165-85-442-385-43-253-377-361-418-33-172-160-459-325-251-198-440-416-88-175-390-30-73-383-35-104-5-45-147-187-432-400-491-97-417-293-257-352-357-106-274-321-151-382-125-483-0-205-310-183-373-271-23-199-445-149-68-398-391-80-477-354-219-466-456-10-196-309-485-171-296-131-414-345-401-249-438-463-140-50-350-148-49-499-99-428-300-194-128-270-476-366-76-415-282-29-79-482-264-289-403-135-490-176-362-92-178-252-129-374-341-177-132-124-59-41-27-312-425-91-105-112-437-201-11-141-302-333-453-465-419-202-65-28-179-318-351-7-364-17-372-214-472-229-402-389-464-342-331-39-355-317-115-447-319-210-64-347-72-204-405-277-335-338-433-246-116-461-61-344-454-435-470-26-159-291-133-167-195-396-404-283-254-150-136-307-121-348-315-81-232-228-494-443-266-153-394-265-280-250-304-174-367-311-8-330-356-423-329-19-25-114-248-169-130-488-84-452-170-62-14-316-386-290-13-455-365-83-70-74-444-314-381-308-412-358-139-12-446-118-193-261-117-190-94-359-429-236-388-467-66-462-427-157-238-71-268-93-399-31-69-222-54-421-32-299
AG;500x20;data/ins_500_20_00.txt;22;60;0.85;0.5;300;26571;26189;1.46;14.1622;175;144-451-127-287-294-495-406-78-430-324-272-215-260-158-111-57-368-87-474-134-180-53-275-227-90-475-188-15-267-42-340-52-60-109-82-337-154-346-191-410-123-449-450-407-292-320-339-113-44-306-107-323-255-378-207-224-48-305-217-397-98-162-458-460-18-468-281-286-327-496-143-9-353-269-89-371-441-233-285-119-422-301-192-137-424-379-67-278-20-21-226-326-328-100-110-349-230-244-343-334-279-484-38-471-225-411-216-213-126-108-241-376-498-189-439-122-75-288-395-152-480-303-384-448-256-77-239-295-138-336-473-103-297-262-387-481-63-2-3-363-380-273-211-46-37-86-469-208-1-431-96-22-95-298-235-220-102-218-313-142-497-240-247-203-51-55-16-4-392-263-489-231-197-457-155-156-6-409-146-145-101-56-182-258-40-434-486-223-369-245-375-479-212-163-164-237-360-332-47-161-181-186-426-58-408-185-184-243-200-120-436-166-168-234-34-385-478-284-393-36-361-276-242-487-209-206-24-221-413-322-492-420-370-173-302-493-391-165-85-442-43-253-377-418-33-172-160-459-325-251-198-175-390-30-35-73-383-104-5-149-187-147-432-400-491-97-417-293-257-357-274-282-99-321-151-382-88-201-125-483-0-205-310-183-373-271-23-199-445-68-80-477-354-219-466-456-45-440-10-196-309-485-171-296-131-414-345-401-249-438-463-416-140-50-350-148-49-499-312-366-428-300-194-128-270-476-76-415-29-79-482-264-289-106-403-259-135-490-176-362-92-178-252-129-374-341-177-132-124-59-41-27-425-91-105-112-11-437-141-333-453-465-419-202-472-65-28-179-318-351-364-7-17-372-214-229-402-389-464-342-331-39-355-317-115-447-319-210-64-347-72-204-405-277-335-338-433-246-116-461-61-344-454-435-470-26-159-291-133-167-195-396-398-404-283-150-136-307-121-348-315-81-232-352-228-494-443-265-266-153-394-254-280-250-304-174-367-311-8-330-356-170-423-329-19-25-114-248-488-84-452-62-14-316-386-290-13-455-365-83-70-74-444-314-381-308-412-358-169-139-12-130-446-118-193-261-117-190-94-359-429-236-388-467-66-462-427-157-238-71-268-93-399-31-69-222-54-421-32-299
AG;500x20;data/ins_500_20_00.txt;23;60;0.85;0.5;300;26572;26189;1.46;14.0692;221;144-451-127-287-294-111-495-406-78-430-324-272-215-260-158-57-368-87-474-134-53-275-227-90-475-188-15-267-42-340-52-60-109-82-337-154-410-416-346-191-123-449-237-450-407-292-320-491-339-113-44-306-107-323-255-378-207-224-48-397-162-98-217-458-460-18-468-281-286-327-496-143-9-353-269-89-371-441-233-285-119-422-110-301-192-137-424-379-67-278-20-21-226-180-326-328-100-322-230-244-343-334-279-484-38-471-225-411-216-213-126-108-241-376-498-189-439-295-349-122-75-288-395-152-480-303-384-448-256-77-239-138-336-473-103-297-262-387-481-63-2-3-363-380-273-211-46-486-86-469-208-1-431-146-22-95-298-235-220-102-218-313-142-497-240-88-247-457-203-51-16-392-263-489-231-197-55-155-156-6-409-96-145-101-47-56-182-258-40-434-37-223-369-245-375-479-212-163-164-360-332-161-181-186-426-58-408-184-243-200-120-436-166-168-234-34-385-478-284-393-36-276-394-242-487-209-206-24-221-413-232-492-420-370-173-302-493-391-165-85-442-43-377-361-418-253-33-185-172-160-459-325-251-198-175-390-30-73-383-35-104-5-149-187-45-147-432-400-97-417-293-257-357-106-274-321-151-382-125-483-0-205-310-183-373-271-23-199-445-68-80-477-354-219-466-456-440-10-196-309-485-171-296-131-414-345-401-4-249-438-463-140-50-350-148-49-499-99-428-300-194-128-270-476-366-76-415-352-282-29-79-264-289-403-259-135-490-176-362-92-178-252-129-374-341-177-28-124-59-41-27-312-425-91-105-112-11-437-201-141-333-453-465-419-202-305-338-65-132-179-318-351-7-364-17-372-214-472-229-402-389-464-342-331-39-355-317-115-447-319-210-64-347-72-204-405-482-277-335-433-246-461-61-344-454-435-470-254-26-159-291-133-167-195-396-398-404-283-116-150-136-307-121-348-315-81-228-494-443-266-153-265-280-250-304-174-367-311-8-330-356-170-423-329-19-25-114-248-488-84-452-62-14-316-386-290-13-455-365-83-70-74-444-314-381-308-412-358-169-139-12-130-446-118-193-261-117-190-94-359-429-236-388-467-66-462-427-157-238-71-268-93-399-31-69-222-54-421-32-299
AG;500x20;data/ins_500_20_00.txt;24;60;0.85;0.5;300;26570;26189;1.45;14.1311;141;144-451-127-287-111-294-495-406-430-324-272-215-78-260-158-57-368-87-474-134-180-53-275-227-90-475-188-15-267-42-340-52-60-109-82-337-154-410-416-346-191-123-449-237-450-407-292-320-284-339-113-44-306-107-323-255-378-207-224-48-305-217-397-98-162-458-460-18-468-281-286-327-496-143-9-353-269-371-441-233-285-119-422-322-301-192-424-89-379-67-278-20-21-226-326-328-100-110-349-230-244-343-334-279-137-484-38-471-225-411-216-213-126-108-241-376-498-189-439-122-75-288-395-152-480-303-384-448-256-77-239-295-138-336-473-103-297-262-387-481-63-2-3-363-380-273-211-46-37-86-469-208-1-431-146-22-95-298-235-220-102-218-313-142-497-240-247-457-203-51-16-4-392-263-489-231-197-55-155-156-6-409-96-145-101-47-56-398-182-258-40-434-486-223-369-245-375-479-212-163-164-360-332-161-181-186-426-58-408-184-243-200-120-436-166-168-234-34-385-478-393-36-276-373-242-185-487-209-206-24-221-413-492-420-370-85-173-302-493-391-165-442-43-253-377-361-418-33-172-160-459-325-251-198-88-175-390-30-73-383-35-104-5-149-187-45-147-432-400-491-97-417-293-257-352-357-106-274-321-151-382-125-483-0-205-310-183-271-23-199-445-68-80-477-354-219-466-456-440-10-196-309-485-171-296-131-414-345-202-401-249-438-463-341-140-50-350-148-49-499-99-194-428-300-128-270-476-366-76-415-282-29-79-482-289-403-259-135-490-176-362-92-178-252-129-374-264-177-132-124-59-41-27-312-425-91-105-112-11-437-201-141-333-453-465-419-65-28-179-318-351-7-364-17-372-214-472-229-402-389-464-342-331-39-355-317-115-347-447-319-210-64-72-204-405-277-335-338-433-246-116-461-61-344-454-435-470-26-159-291-133-167-195-396-404-283-254-150-136-307-121-348-315-81-232-228-494-443-266-153-394-265-290-250-304-174-367-311-8-330-356-170-423-329-19-25-114-248-488-84-452-14-62-316-386-280-13-455-365-83-70-74-444-314-381-308-412-358-169-139-12-130-446-118-193-261-117-190-94-359-429-236-388-467-66-462-427-157-238-71-268-93-399-31-69-222-54-421-32-299
AG;500x20;data/ins_500_20_00.txt;25;60;0.85;0.5;300;26571;26189;1.46;14.1010;291;144-451-127-287-111-294-495-406-78-430-324-272-215-260-158-57-368-87-474-134-180-53-275-227-90-475-188-15-267-42-340-52-60-109-82-337-154-410-346-191-123-449-237-450-407-292-320-339-113-44-306-107-255-378-207-224-48-305-217-397-98-162-458-460-18-468-281-286-327-496-143-9-353-323-269-89-371-301-233-285-119-422-322-441-192-137-424-379-67-278-20-21-226-326-328-100-110-349-230-343-334-279-484-38-244-471-225-411-216-213-126-108-241-376-498-189-439-122-75-288-395-152-480-303-448-256-77-239-295-138-336-473-103-297-262-387-481-63-2-3-384-363-380-273-211-46-37-86-469-208-1-431-146-22-95-298-235-220-102-218-142-497-240-247-203-51-16-4-392-263-489-231-197-55-155-313-251-156-6-409-96-145-101-47-56-182-258-40-457-434-486-223-369-245-375-479-212-163-332-164-360-161-181-186-426-58-408-185-184-243-200-120-436-166-168-234-34-385-478-284-393-36-276-242-487-209-206-24-221-492-420-370-173-302-493-165-85-442-43-253-377-361-418-33-172-160-459-325-198-88-175-413-390-30-73-383-35-104-5-149-187-45-147-432-400-491-97-417-293-257-352-357-106-274-321-151-382-125-0-205-183-373-271-23-199-445-68-80-477-354-219-466-440-10-196-309-485-483-171-296-50-414-345-401-249-438-463-391-140-131-456-310-490-350-148-49-499-99-428-300-194-128-270-476-366-76-415-282-29-79-264-289-403-259-135-176-362-92-178-252-374-129-341-177-132-59-124-41-27-312-425-91-105-112-11-437-201-141-333-453-465-419-202-65-28-179-318-351-7-364-17-372-214-472-229-402-389-464-342-331-39-355-317-115-447-319-210-64-347-72-204-405-277-335-338-416-433-246-116-461-61-344-454-435-470-26-159-291-133-167-195-396-398-404-283-254-150-136-307-121-348-315-81-232-228-494-443-266-153-394-265-280-250-304-174-367-311-8-330-356-482-170-423-329-19-25-114-248-488-84-452-62-14-316-386-290-13-455-365-83-70-74-169-444-314-381-308-412-358-139-12-130-446-118-193-261-117-190-94-359-429-236-388-467-66-462-427-157-238-71-268-93-399-31-69-222-54-421-32-299
AG;500x20;data/ins_500_20_00.txt;26;60;0.85;0.5;300;26553;26189;1.39;14.0958;242;144-451-287-111-127-294-495-406-430-324-272-78-215-260-158-57-368-87-474-134-53-275-227-90-475-188-15-267-42-340-52-60-109-82-337-154-410-416-346-191-123-449-322-237-450-407-292-320-339-113-44-306-107-323-255-378-207-224-100-48-305-217-397-98-162-458-460-18-468-281-286-327-496-143-9-353-269-89-371-441-285-119-422-301-110-192-137-424-379-67-278-180-20-21-226-363-328-247-349-230-244-343-334-279-484-38-471-225-216-213-126-108-241-376-498-189-439-122-75-288-395-152-480-303-384-448-256-77-239-295-138-336-473-103-297-387-481-63-2-3-326-380-273-211-46-37-86-469-208-1-431-146-22-95-298-235-220-102-218-313-142-497-240-457-203-51-16-4-392-489-231-197-55-223-155-156-6-409-96-145-101-47-56-182-233-258-40-434-486-369-245-375-479-212-163-164-360-332-161-181-186-426-58-408-385-185-184-243-200-120-394-436-166-168-234-391-478-284-393-36-276-242-487-209-263-206-24-221-413-492-420-370-173-302-493-34-165-85-442-418-43-253-377-361-33-172-160-459-325-251-198-175-390-30-73-383-35-104-5-88-187-45-147-432-400-491-97-417-149-293-257-411-357-106-274-321-151-205-382-125-483-0-310-183-373-271-296-23-199-445-68-80-477-354-219-466-456-440-10-196-309-485-171-131-414-345-401-249-438-463-140-50-350-148-49-499-99-428-300-194-128-270-476-366-76-415-282-29-79-482-264-289-403-259-135-490-252-176-362-92-178-129-374-341-177-132-124-59-41-27-312-425-352-91-105-112-11-437-201-141-333-453-465-419-202-65-28-179-318-351-7-364-317-372-214-472-229-17-402-389-464-342-331-39-355-115-447-319-210-64-347-72-204-405-277-335-338-433-246-116-461-61-344-454-435-470-159-291-133-167-195-396-398-404-283-254-150-136-307-121-348-315-81-232-228-494-443-266-153-262-265-280-250-304-248-174-367-311-8-330-356-170-423-329-19-25-114-488-84-452-62-14-316-386-290-455-365-83-70-74-444-13-314-381-308-412-358-169-139-12-130-446-118-193-261-117-190-94-359-429-236-388-467-66-462-427-157-238-71-268-93-399-26-31-69-222-54-421-32-299
AG;500x20;data/ins_500_20_00.txt;27;60;0.85;0.5;300;26568;26189;1.45;14.4189;221;144-451-127-287-111-294-495-406-78-430-324-272-215-260-158-57-368-87-474-100-134-180-53-275-227-90-475-188-15-267-42-340-52-60-109-82-337-154-410-416-346-191-123-449-237-450-407-292-320-339-113-44-30-107-323-255-378-207-224-48-305-217-397-98-162-458-460-18-468-281-286-327-496-143-9-353-269-89-371-441-285-119-422-322-301-192-137-379-67-278-20-21-226-424-411-328-110-349-244-343-279-484-38-471-326-225-216-213-126-108-241-376-498-189-439-122-75-288-395-152-480-384-211-448-256-77-239-295-138-336-473-103-297-262-387-481-63-2-3-230-363-380-273-46-37-86-469-208-1-431-22-95-303-298-235-220-146-102-218-313-142-361-497-240-247-457-203-51-16-4-392-263-489-231-197-55-155-156-6-409-96-145-101-47-233-56-182-258-434-486-40-223-369-245-375-479-212-163-360-332-161-181-426-58-408-185-184-243-200-436-478-284-166-168-234-34-385-393-36-276-242-487-209-206-24-68-492-420-370-173-302-493-165-85-442-413-43-334-253-377-418-33-172-160-459-325-251-198-88-175-390-306-73-383-432-35-104-5-149-187-45-147-400-491-97-417-293-257-352-357-106-274-321-151-382-125-483-0-205-310-183-221-271-391-186-23-199-373-445-80-477-354-219-466-456-440-10-164-196-309-485-171-296-131-414-345-401-249-438-463-140-50-350-148-49-499-99-428-300-194-128-270-476-366-76-415-282-29-79-176-264-120-289-403-259-135-490-482-362-92-178-252-129-374-341-177-132-124-59-27-41-312-425-91-105-112-11-437-201-141-333-453-465-419-202-65-28-179-318-351-7-364-17-372-214-472-229-402-389-464-342-331-39-355-317-115-447-319-210-64-347-72-405-277-335-338-433-246-116-461-61-344-454-435-470-150-159-291-204-133-167-195-396-398-404-283-254-26-136-307-121-348-315-81-232-367-228-494-443-266-153-394-265-280-250-304-174-311-8-330-356-170-423-329-19-25-114-248-488-84-452-62-14-316-386-290-13-455-365-83-70-74-444-314-381-308-412-358-169-139-12-130-446-118-193-261-117-190-94-359-429-236-388-467-66-462-427-157-238-71-268-93-399-31-69-222-54-421-32-299
AG;500x20;data/ins_500_20_00.txt;28;60;0.85;0.5;300;26566;26189;1.44;14.0497;256;144-451-127-287-111-294-495-406-78-430-324-272-215-260-158-57-368-87-474-134-180-53-275-227-90-188-15-267-42-340-52-60-109-82-337-154-410-475-346-191-123-449-237-450-407-292-320-339-113-378-306-107-323-255-44-207-224-48-305-217-397-98-162-458-460-18-468-281-286-327-496-143-9-353-269-89-371-441-233-285-119-422-322-301-192-416-137-424-379-67-278-20-21-226-326-328-334-110-349-230-244-343-279-484-38-471-225-411-216-213-126-108-241-376-498-189-439-100-122-75-288-395-152-480-303-384-448-256-77-239-295-138-336-473-103-297-262-387-481-63-2-3-363-380-273-211-46-37-86-469-208-1-431-146-22-95-298-235-220-102-218-313-142-497-240-247-457-203-51-16-200-4-392-263-489-231-499-197-96-55-155-156-182-409-145-101-47-56-6-258-40-434-486-223-391-369-245-375-479-212-163-164-360-332-161-181-186-426-58-408-185-184-243-120-436-166-168-234-34-478-284-393-36-276-242-487-209-206-24-221-413-492-420-370-173-205-493-165-85-442-43-302-253-377-361-183-418-33-172-160-219-459-325-251-419-198-88-175-390-30-73-383-35-104-5-149-187-45-147-194-432-400-491-97-417-293-257-352-357-106-274-321-151-382-125-483-0-310-373-23-10-385-199-445-68-80-477-354-466-456-440-196-309-289-485-171-296-131-414-345-401-249-438-463-140-271-50-350-148-49-99-428-300-128-270-476-366-415-282-29-79-482-264-403-259-135-490-176-362-92-178-252-129-398-374-341-177-132-76-59-124-41-27-312-425-91-105-112-11-437-201-141-333-453-465-464-202-65-28-179-318-351-7-315-364-472-372-214-17-229-402-389-342-331-355-317-115-447-39-210-64-347-72-204-405-277-335-338-433-246-116-461-61-319-344-454-435-470-26-159-291-133-167-195-396-404-283-254-150-136-307-121-348-81-232-228-494-443-266-153-394-265-280-304-250-174-367-311-8-330-356-170-423-329-19-25-114-248-488-84-452-62-14-316-386-290-13-455-365-83-70-74-444-314-381-308-412-358-169-139-12-130-446-118-193-261-117-190-94-359-429-236-388-467-66-462-427-157-238-71-268-93-399-31-69-222-54-421-32-299
AG;500x20;data/ins_500_20_00.txt;29;60;0.85;0.5;300;26585;26189;1.51;14.1228;260;144-451-127-287-111-294-495-406-78-430-324-272-215-260-158-57-368-87-474-134-180-53-275-227-90-475-188-15-267-42-340-52-60-109-82-337-154-410-416-346-191-123-449-237-450-407-113-292-320-339-44-306-107-323-255-378-207-224-48-305-217-397-98-162-458-460-18-468-281-286-327-496-143-9-353-269-89-371-441-285-422-322-301-192-137-424-379-67-278-20-21-226-326-328-100-110-349-230-244-343-334-279-484-38-471-225-411-216-108-213-126-376-498-189-439-122-75-288-395-152-480-303-384-448-256-77-239-103-336-295-138-297-262-387-63-2-119-473-3-363-380-273-211-46-37-86-469-208-1-431-146-22-95-298-235-220-102-218-313-142-497-240-247-457-203-241-481-51-16-4-392-263-489-231-197-55-155-156-6-409-96-145-101-56-233-182-258-40-434-486-251-223-369-245-375-212-163-360-332-161-47-181-186-164-426-58-408-185-184-243-200-120-436-166-168-234-34-385-478-284-393-36-276-242-487-209-206-24-221-413-492-420-370-479-173-442-493-391-165-85-43-302-253-377-361-418-33-172-160-459-325-198-88-175-390-30-73-383-35-0-5-149-187-45-432-151-491-97-417-293-257-352-357-106-274-321-400-382-125-483-104-205-310-183-373-271-23-199-445-68-80-477-354-219-466-456-440-10-196-309-485-171-296-131-414-345-147-401-249-438-463-140-50-350-148-49-499-99-428-300-194-128-270-476-366-76-415-282-29-79-482-264-289-403-259-135-312-490-176-362-92-178-252-129-374-341-177-132-124-59-41-27-425-91-105-64-112-11-437-201-141-333-453-465-419-202-65-28-179-318-351-7-364-17-372-214-472-402-389-464-342-331-338-39-355-317-115-447-319-210-347-72-204-405-381-335-229-433-246-116-461-61-344-454-435-470-26-159-291-133-167-195-396-398-404-283-254-150-136-307-121-348-315-81-232-228-494-443-266-153-394-265-280-250-304-174-367-311-8-330-356-170-423-329-19-25-114-248-488-84-452-62-14-316-386-290-13-455-365-83-70-74-444-314-277-308-412-358-169-139-12-130-446-118-193-261-117-190-94-359-429-236-388-467-66-462-427-157-238-71-268-93-399-31-69-222-54-421-32-299
AG;500x20;data/ins_500_20_00.txt;30;60;0.85;0.5;300;26595;26189;1.55;14.1277;296;144-451-127-287-111-294-495-406-78-430-324-272-215-260-158-57-368-87-474-134-180-53-275-90-475-188-15-267-42-340-52-60-109-82-337-154-410-346-191-123-449-237-450-407-292-320-227-339-113-44-306-107-323-255-378-207-224-48-305-217-397-98-162-458-460-18-468-281-286-327-496-143-9-353-269-89-371-441-233-285-119-422-322-301-192-137-424-379-278-20-21-226-326-328-100-110-349-230-244-343-334-279-484-38-471-225-411-216-213-126-108-241-67-376-498-189-439-122-75-288-395-152-480-303-384-448-256-77-239-295-138-336-473-103-297-262-387-481-63-2-3-363-380-273-211-46-86-469-208-1-431-146-22-95-298-235-220-247-218-313-142-37-497-240-102-457-203-16-4-392-263-489-231-197-55-155-156-6-409-96-145-101-47-56-182-258-40-434-486-51-223-369-245-375-479-212-163-164-360-332-161-181-186-426-58-408-184-243-200-120-436-166-168-234-34-385-478-284-393-36-185-361-276-242-487-209-206-24-221-413-492-420-370-173-302-151-493-391-165-85-442-43-459-253-377-418-33-172-160-325-251-198-88-175-390-30-73-383-35-104-147-5-149-187-45-432-400-491-97-417-293-257-352-357-106-274-321-382-125-483-0-248-310-183-373-271-23-199-445-68-80-416-477-354-219-466-456-440-10-196-309-485-171-296-131-414-345-401-249-438-463-140-50-350-49-148-499-99-428-300-194-128-270-476-366-76-41-415-282-29-79-482-264-289-403-259-135-490-176-362-92-178-252-129-374-341-177-132-124-59-27-312-425-91-105-112-11-437-141-333-453-465-201-419-202-65-28-179-318-351-7-364-17-372-214-472-229-402-389-464-342-331-39-355-317-115-447-319-210-64-347-72-204-405-277-335-338-433-246-116-461-61-344-454-435-159-470-26-291-133-167-195-396-398-404-283-254-150-136-307-121-348-315-280-232-228-494-443-266-153-394-265-81-250-304-174-367-311-8-330-356-170-423-329-19-25-114-205-488-84-452-62-14-316-386-290-13-455-365-83-70-74-444-314-381-308-412-358-169-139-12-130-446-118-193-261-117-190-94-359-429-236-388-467-66-462-427-157-238-71-268-93-399-31-69-222-54-421-32-299
Memetico;500x20;data/ins_500_20_00.txt;1;60;0.85;0.5;300;26325;26189;0.52;615.2305;118;144-287-111-260-430-324-495-406-474-60-323-326-188-368-180-53-42-340-267-90-57-292-410-450-52-475-15-82-337-113-378-451-191-123-294-320-44-87-207-48-98-162-460-468-18-327-449-458-9-77-353-306-255-339-224-89-217-269-143-371-441-233-422-134-281-301-192-379-278-496-78-328-303-349-230-100-244-343-279-484-38-471-411-216-126-108-241-376-498-189-225-439-122-75-395-152-322-285-480-109-67-158-384-448-213-346-256-239-295-397-263-276-103-424-2-3-363-380-221-273-211-95-46-37-86-226-208-1-431-22-235-220-102-218-313-142-497-240-205-247-20-457-481-203-51-16-288-4-392-407-489-231-55-155-156-6-409-227-336-96-101-47-56-182-258-40-434-469-486-223-369-245-375-212-163-164-360-332-426-146-127-58-161-408-185-186-416-145-197-200-120-436-166-168-234-34-181-478-284-393-36-242-487-209-206-24-492-420-370-173-302-119-493-391-165-298-85-442-253-43-377-361-418-33-172-160-459-325-251-198-175-390-30-73-383-35-104-5-149-187-45-147-432-400-491-97-417-293-257-357-106-274-321-151-382-125-385-483-334-0-310-183-237-373-271-23-199-445-68-80-219-466-456-440-21-10-196-309-485-171-296-131-414-345-401-249-438-463-272-140-50-350-148-49-499-99-428-300-194-128-270-476-366-138-76-415-88-282-110-29-79-289-403-259-135-490-112-176-92-178-252-129-374-341-177-132-124-59-41-27-312-425-91-105-11-437-201-141-333-453-465-419-202-65-472-318-351-7-364-17-372-214-179-229-402-389-464-342-331-39-355-28-115-319-210-64-347-72-479-204-405-277-335-338-433-246-116-427-154-61-344-317-454-435-470-356-159-291-133-167-195-396-398-404-283-81-254-136-307-121-315-232-228-362-477-443-266-153-394-265-250-304-174-367-311-8-387-330-26-280-170-286-423-494-447-329-354-19-25-275-114-248-488-452-62-348-352-215-14-316-84-290-413-13-262-150-455-365-83-70-74-444-314-381-473-297-308-412-358-169-139-12-130-446-118-193-261-117-137-190-359-94-429-236-388-238-467-66-462-461-157-71-268-93-482-399-305-31-69-184-264-63-107-386-222-54-421-32-243-299
Memetico;500x20;data/ins_500_20_00.txt;2;60;0.85;0.5;300;26308;26189;0.45;519.4696;63;144-287-60-346-127-410-215-406-267-430-340-52-113-188-154-191-87-90-255-314-306-339-292-474-224-98-207-158-217-450-18-82-323-327-109-162-460-496-269-9-233-143-353-89-441-451-42-368-123-294-78-322-301-192-137-379-424-67-278-320-495-20-21-226-328-134-110-285-326-349-230-279-484-38-471-216-343-213-108-275-498-189-422-411-439-122-126-75-288-395-152-407-480-260-448-256-77-239-295-138-336-473-103-387-237-2-363-273-211-46-37-324-86-469-208-1-431-22-95-298-235-220-297-218-313-142-497-458-241-247-203-51-16-4-392-263-489-231-155-156-409-96-145-101-47-56-182-40-146-486-223-369-481-245-375-479-212-163-303-360-457-332-181-186-58-408-185-240-184-200-111-120-475-436-166-168-234-34-478-284-393-36-276-63-242-487-416-164-209-206-6-24-55-371-221-413-492-420-370-173-302-391-244-442-43-377-361-272-418-33-172-160-459-325-251-198-88-175-390-30-73-383-35-104-5-187-45-147-400-491-97-417-293-257-3-352-357-106-274-321-151-382-125-0-310-85-373-271-23-199-445-80-15-477-354-440-10-305-196-309-485-171-296-131-414-345-401-249-438-463-50-300-118-350-148-49-499-99-428-194-270-476-366-76-493-415-282-29-385-449-79-289-403-259-490-253-92-178-252-129-374-341-177-132-124-59-243-41-27-312-425-397-149-105-112-11-437-205-201-141-333-225-456-432-465-362-419-202-65-28-179-318-351-7-364-17-176-372-197-91-214-472-136-258-229-180-402-389-57-464-342-331-355-165-317-183-115-447-319-210-64-262-347-453-219-72-204-405-277-335-338-433-246-116-461-61-344-454-435-470-159-291-133-167-195-396-330-384-83-483-404-398-283-376-254-150-26-307-121-348-315-81-228-494-443-232-44-380-68-53-394-265-378-48-281-280-250-304-140-174-367-482-266-311-8-337-170-423-329-119-114-25-356-19-248-128-153-100-488-84-62-316-386-14-286-290-130-452-13-455-227-365-70-264-426-74-444-334-434-381-466-39-308-358-169-139-12-446-117-412-238-190-359-94-429-236-388-467-66-107-193-427-157-71-268-468-93-102-399-135-261-462-31-69-161-222-54-421-32-299
Memetico;500x20;data/ins_500_20_00.txt;3;60;0.85;0.5;300;26305;26189;0.44;470.3077;56;144-287-430-324-260-406-90-15-215-57-134-99-191-154-323-267-340-52-275-339-292-475-111-113-335-378-306-82-449-326-451-320-123-255-98-87-207-143-109-450-217-460-410-474-18-327-281-162-441-496-224-353-495-269-89-422-322-301-192-67-278-371-78-346-21-226-379-100-397-230-343-279-38-471-216-158-126-108-119-376-498-189-75-288-152-48-303-448-439-77-411-76-295-138-336-103-297-387-241-2-3-363-380-285-211-484-46-480-122-37-86-208-1-431-146-142-22-244-137-298-60-328-235-220-227-262-110-409-218-313-468-273-497-247-457-349-203-395-473-51-42-240-16-4-392-233-263-489-231-197-55-155-6-368-286-213-96-56-182-258-40-102-486-223-369-245-375-479-212-53-163-434-164-360-332-161-145-181-186-58-408-185-184-341-243-200-120-436-166-168-234-34-107-385-478-284-73-393-36-276-237-242-487-209-156-206-24-221-413-492-370-173-302-493-391-85-272-442-43-253-377-361-418-256-33-172-160-459-325-251-198-175-390-30-20-383-35-104-9-5-149-187-45-147-432-400-97-417-257-357-106-165-469-294-274-321-151-382-491-125-483-0-205-310-183-271-23-416-445-68-466-80-334-477-219-456-440-10-196-309-485-171-296-112-414-345-249-438-463-140-50-350-148-481-49-95-499-428-300-194-270-476-366-239-415-282-29-79-482-264-289-403-490-176-362-92-178-252-129-374-177-354-124-59-41-27-312-91-425-105-131-11-437-201-333-453-465-419-202-65-28-179-389-464-342-331-39-355-373-318-351-7-364-17-372-214-337-472-229-180-402-259-317-115-447-319-210-64-347-401-458-72-204-405-277-44-338-293-433-246-116-461-132-61-344-454-435-470-159-291-133-167-195-396-398-404-283-150-136-307-121-348-315-135-81-232-228-494-443-266-153-188-394-199-424-250-304-265-174-367-311-8-330-356-170-329-19-25-248-488-84-452-280-62-88-14-316-290-13-455-365-83-114-423-70-426-74-444-47-314-381-308-254-412-101-128-358-169-139-12-130-407-446-118-352-384-26-193-190-359-94-236-225-429-388-467-66-268-427-462-157-127-238-71-93-399-63-305-420-141-31-69-386-261-222-54-117-421-32-299
Memetico;500x20;data/ins_500_20_00.txt;4;60;0.85;0.5;300;26320;26189;0.50;651.7825;82;144-287-430-294-406-134-95-87-267-340-410-52-15-123-260-475-346-320-387-292-450-241-90-82-272-449-109-339-474-323-451-306-98-255-468-162-458-460-191-18-327-113-496-353-269-60-89-285-119-441-422-207-78-495-322-217-192-281-305-67-278-21-226-326-328-100-230-343-279-484-38-411-216-424-379-126-108-498-189-439-122-75-288-395-152-349-480-471-57-384-448-42-77-239-301-295-138-336-233-103-297-262-2-363-380-127-273-211-46-37-86-208-1-431-146-227-22-298-235-220-158-218-313-142-497-247-481-240-457-213-51-143-102-16-392-263-489-231-154-197-270-156-409-96-56-182-3-258-434-224-223-369-237-245-479-212-163-0-360-332-55-181-186-426-58-375-145-408-185-407-161-473-9-416-184-203-275-243-200-120-436-166-168-234-34-385-478-284-393-36-276-101-242-487-206-324-221-492-420-370-173-302-493-391-85-137-442-43-377-418-33-160-459-325-251-198-175-390-30-73-383-35-104-5-149-187-147-432-400-491-97-417-257-352-357-106-274-321-151-382-125-483-371-164-334-205-44-256-310-199-244-271-23-172-183-413-24-445-68-477-354-219-456-440-10-196-309-485-296-131-111-345-401-249-463-140-414-50-350-148-49-499-99-428-300-466-194-128-209-155-476-366-397-415-282-110-29-79-264-289-403-259-135-176-45-362-92-178-252-129-374-341-177-132-124-59-41-27-312-425-91-105-40-165-112-11-80-437-201-141-333-453-465-419-202-486-253-47-65-28-179-318-351-7-364-17-469-372-214-472-229-490-402-389-464-342-331-39-88-355-188-180-447-64-319-115-210-347-317-171-72-204-405-335-338-433-246-116-373-461-61-344-454-435-470-26-159-291-133-4-167-195-396-398-404-283-136-307-121-348-315-81-232-228-494-443-266-254-153-394-265-280-250-368-304-6-150-174-367-482-311-8-356-330-378-170-423-438-20-337-48-76-329-225-215-19-248-376-25-114-488-84-62-14-316-290-13-365-455-286-361-303-70-74-444-314-381-308-412-358-169-139-53-12-130-452-446-386-118-277-193-117-261-107-83-190-94-359-429-236-388-467-66-462-427-157-238-71-268-93-399-63-31-69-293-222-54-421-32-299
Memetico;500x20;data/ins_500_20_00.txt;5;60;0.85;0.5;300;26345;26189;0.60;677.6561;84;144-287-127-495-406-154-87-474-267-368-466-180-191-60-450-324-275-82-410-52-322-44-123-107-188-113-475-339-323-407-255-272-378-451-468-98-320-460-162-207-292-458-18-327-143-224-281-496-269-89-217-441-301-192-343-424-379-67-278-353-260-328-100-9-306-422-110-326-21-230-158-340-471-247-279-38-313-411-216-126-108-498-439-75-42-346-93-288-395-152-480-137-384-189-448-256-77-239-295-138-62-336-473-103-484-262-387-2-3-363-273-211-46-37-469-208-431-146-22-95-298-237-235-220-241-397-1-497-240-102-122-457-297-203-51-16-159-4-392-53-489-385-285-231-197-55-155-156-409-96-145-48-47-56-182-258-40-6-369-245-375-479-164-360-332-181-426-58-408-183-185-161-90-86-232-15-212-276-200-120-436-166-168-294-173-380-34-478-271-486-393-36-242-487-24-221-413-492-420-370-302-493-391-165-119-85-449-442-399-43-253-361-101-418-33-172-459-325-251-198-175-390-30-73-383-35-104-5-149-187-45-147-20-432-400-491-97-417-293-257-163-352-357-125-483-0-205-310-274-321-151-382-244-184-373-416-284-23-199-445-68-80-206-142-334-477-447-354-219-134-456-440-196-63-10-309-485-171-296-243-131-414-345-401-249-438-377-140-234-50-350-148-49-499-141-99-428-300-194-128-270-476-366-209-415-282-106-29-79-264-289-403-259-135-490-176-362-92-178-252-129-374-341-177-124-59-41-27-312-425-91-105-112-11-437-201-333-453-463-465-419-213-202-65-28-179-376-318-351-7-364-372-214-472-229-223-389-464-39-355-186-317-115-319-64-78-347-72-204-405-335-338-433-246-116-461-160-61-344-454-435-26-210-291-133-331-470-167-195-263-57-215-430-342-17-404-396-283-150-136-307-121-233-348-315-81-218-228-494-443-398-266-153-394-482-88-265-250-304-248-174-367-311-8-330-356-170-423-280-329-286-226-337-19-25-488-434-452-14-114-386-290-316-13-83-70-371-109-74-365-444-314-381-84-308-349-412-455-303-358-254-130-169-139-12-193-117-277-446-118-225-481-261-132-190-94-359-429-236-388-467-66-462-427-157-238-71-268-305-31-69-76-111-227-402-222-54-421-32-299
Memetico;500x20;data/ins_500_20_00.txt;6;60;0.85;0.5;300;26324;26189;0.52;536.6892;112;144-287-474-188-430-406-255-134-156-60-260-340-410-53-368-200-42-87-90-323-191-82-449-207-339-224-247-98-154-113-346-48-162-52-460-327-109-269-292-267-217-89-441-422-301-192-237-379-67-451-278-328-378-78-143-100-326-310-20-110-285-349-397-343-484-471-411-216-213-126-108-241-498-189-439-122-75-288-152-480-158-294-363-21-448-256-77-239-295-450-119-336-262-468-2-380-273-211-46-37-297-481-3-86-469-279-208-431-230-22-95-235-220-203-473-102-313-142-497-240-233-457-51-16-4-392-424-38-489-138-231-55-320-155-407-409-475-96-145-101-47-146-56-182-258-486-223-369-245-103-387-375-286-479-212-163-360-332-161-226-181-186-426-348-58-434-408-185-184-107-15-436-168-234-34-385-478-1-284-197-180-9-393-36-276-242-487-209-206-123-24-221-413-492-420-370-322-173-493-391-165-85-442-215-43-377-305-272-418-172-160-120-459-325-251-198-390-30-350-73-416-383-35-164-104-5-40-149-187-45-432-400-491-97-417-257-352-357-106-274-321-151-382-125-483-227-171-131-414-0-205-183-271-23-199-445-68-80-477-444-219-244-466-456-440-10-196-309-137-485-345-401-253-438-140-50-148-49-499-99-428-300-194-128-270-366-76-415-282-29-79-264-289-403-259-135-490-176-362-92-178-252-33-374-341-177-132-124-59-26-296-476-437-201-141-312-425-91-281-147-105-319-112-11-333-298-495-465-419-202-27-361-65-28-179-318-351-7-373-364-218-57-372-263-214-472-389-464-355-453-225-317-342-331-229-353-115-447-64-347-39-72-204-405-175-303-166-127-277-335-338-433-246-116-461-61-344-454-435-249-470-376-458-159-291-133-324-167-195-396-398-404-283-238-243-254-150-307-44-121-395-315-81-232-228-494-443-275-6-266-337-153-394-463-265-88-496-250-304-174-280-17-367-311-8-330-356-423-329-19-25-248-488-84-452-114-62-14-316-386-290-13-455-365-302-83-70-170-74-354-314-381-308-129-412-358-334-482-210-169-139-12-130-446-306-118-190-193-261-117-94-41-359-18-111-384-429-236-388-467-66-462-427-157-71-268-31-371-93-136-402-399-63-69-293-222-54-421-32-299
Memetico;500x20;data/ins_500_20_00.txt;7;60;0.85;0.5;300;26319;26189;0.50;605.1409;89;144-287-127-294-495-406-430-324-260-368-52-134-267-42-340-158-9-60-87-109-474-180-215-346-272-188-320-475-449-339-410-450-113-15-90-306-323-407-275-123-378-154-44-48-107-305-207-224-217-458-451-468-98-162-460-496-192-255-143-18-397-281-191-327-292-353-269-89-441-285-422-78-301-424-379-67-278-20-328-100-110-349-230-343-279-484-38-471-225-411-216-213-126-108-227-376-498-189-122-75-326-395-448-439-256-82-152-77-239-295-138-336-237-119-473-103-297-2-3-363-380-273-211-46-37-86-469-208-1-431-22-95-298-244-262-235-102-313-142-241-497-240-247-322-457-288-203-481-51-16-392-263-489-231-197-55-155-156-6-4-409-96-145-387-47-56-146-182-172-223-245-375-479-212-163-360-332-161-181-186-58-408-185-184-480-200-120-436-166-168-234-34-258-478-164-284-486-393-36-276-242-209-206-24-221-413-492-361-426-420-487-173-302-493-165-101-85-377-418-33-384-160-370-43-253-459-243-325-251-198-88-175-390-30-104-383-35-73-5-314-149-187-45-40-147-432-400-491-417-257-357-106-274-321-151-303-21-382-125-483-334-0-205-57-310-183-416-373-271-23-199-445-68-80-477-354-219-466-456-440-10-196-218-309-485-171-49-333-453-111-296-131-414-233-345-401-249-438-369-463-140-391-50-350-385-148-442-220-499-99-428-300-194-128-270-476-76-415-282-29-79-482-264-289-403-259-135-490-176-362-92-178-252-129-374-341-177-132-124-59-27-312-41-425-91-105-112-11-437-371-201-97-141-465-419-202-65-179-318-351-7-364-17-372-214-472-229-402-389-464-342-331-39-355-317-352-115-286-447-319-210-64-137-72-204-405-277-335-338-28-433-366-347-246-116-461-61-344-454-435-26-159-291-133-167-195-396-398-404-283-254-150-136-307-121-315-232-228-494-443-266-53-153-394-265-280-348-226-250-304-81-174-367-311-8-330-356-170-337-329-19-25-248-114-488-84-452-62-14-316-423-290-13-365-83-70-455-434-74-444-381-308-386-412-358-169-139-470-12-446-193-117-261-130-190-94-359-429-236-118-427-388-467-66-462-157-238-71-268-93-399-63-31-69-293-222-54-421-32-299
Memetico;500x20;data/ins_500_20_00.txt;8;60;0.85;0.5;300;26318;26189;0.49;763.1447;110;144-287-260-430-346-90-207-52-275-475-87-60-42-410-48-134-450-324-272-368-21-191-154-292-123-320-449-158-294-188-107-281-323-451-339-255-224-378-306-474-162-458-460-468-18-327-286-143-217-98-322-397-44-269-89-371-285-119-422-233-78-110-9-192-301-127-424-379-67-278-230-244-343-216-279-38-471-496-225-20-213-126-411-108-349-484-317-498-328-75-395-480-376-353-256-439-77-239-247-336-103-295-473-384-340-297-387-2-3-363-380-273-211-37-227-208-46-189-262-431-1-241-22-95-298-235-220-137-218-313-288-497-102-100-457-203-51-16-240-495-146-4-392-469-481-237-448-441-215-303-489-231-86-197-155-6-409-96-47-182-40-338-486-369-245-101-56-375-479-212-163-164-223-145-360-181-186-58-426-185-184-161-172-200-111-120-436-166-168-234-142-34-408-478-284-393-36-276-406-242-487-24-221-413-492-370-173-302-391-165-206-209-326-332-85-385-442-43-253-377-418-33-459-251-198-175-390-132-30-73-383-35-104-5-187-45-147-432-400-491-97-357-420-325-493-106-274-321-151-382-125-263-483-0-205-310-183-373-271-23-199-445-68-80-416-477-354-55-219-15-466-456-440-10-407-196-309-485-171-296-258-131-414-345-401-249-438-463-50-49-499-99-428-300-194-128-270-476-88-366-76-415-282-148-29-79-82-264-289-403-152-350-259-135-490-176-362-92-178-252-374-341-434-59-257-129-41-312-138-425-91-177-105-112-11-437-201-334-141-333-453-124-465-482-419-202-65-28-179-318-351-7-364-57-17-372-214-472-229-402-389-464-27-342-331-39-355-226-115-447-319-210-72-347-204-417-405-277-335-433-246-116-461-232-61-344-156-454-435-470-159-291-64-133-167-160-195-396-398-404-283-254-150-136-307-121-81-228-494-443-315-149-266-153-394-265-8-53-250-304-174-367-337-280-122-330-140-356-311-170-423-329-19-267-25-114-248-84-130-62-488-14-316-290-13-455-365-70-74-444-314-381-308-412-358-169-139-180-12-446-118-352-348-193-361-117-452-109-386-83-190-94-359-429-238-236-388-467-66-462-427-157-71-268-93-305-293-31-399-69-63-113-222-54-421-26-261-32-243-299
Memetico;500x20;data/ins_500_20_00.txt;9;60;0.85;0.5;300;26337;26189;0.57;653.7872;74;144-287-60-346-430-87-474-134-267-368-57-90-292-53-410-82-123-260-451-320-255-475-340-306-52-224-324-85-323-143-207-281-98-397-378-376-450-113-327-162-458-460-468-18-406-496-353-269-89-449-441-119-422-78-322-191-44-424-379-278-285-21-120-226-100-110-349-244-343-192-305-279-38-471-216-301-67-213-126-108-241-498-189-484-391-122-75-326-15-288-395-152-384-448-286-439-411-256-77-239-328-295-336-375-297-262-387-481-2-3-273-211-46-37-86-208-1-431-158-22-95-235-220-407-102-313-142-480-247-457-203-17-497-237-51-16-392-489-231-197-55-155-156-6-409-96-145-47-182-40-434-223-245-272-473-479-212-163-164-360-332-181-186-240-380-58-101-408-185-416-227-200-436-166-168-234-28-34-486-385-478-201-263-284-275-393-276-109-242-487-209-206-24-221-413-492-420-370-173-302-493-165-56-442-43-253-377-361-418-230-33-172-160-459-325-251-198-175-390-30-73-35-104-337-383-9-357-106-274-321-151-258-382-125-0-5-149-187-147-432-400-491-417-352-36-205-310-183-271-23-20-161-199-483-445-68-80-477-354-219-466-456-440-10-469-196-309-485-171-296-131-414-345-249-438-463-140-50-350-148-49-499-99-428-300-194-128-366-76-129-374-341-415-282-29-79-482-264-289-403-270-259-135-490-176-362-92-217-178-48-252-146-177-132-124-59-303-41-298-27-45-373-312-138-425-105-11-437-339-184-141-333-453-257-465-369-476-495-419-202-97-112-65-179-318-7-364-372-214-472-229-389-464-342-331-39-355-317-115-447-319-210-64-81-72-204-233-405-277-335-338-433-246-396-116-4-461-61-344-351-394-454-26-159-291-133-167-195-42-91-398-404-401-283-254-150-136-307-121-363-348-188-88-435-315-232-228-494-443-266-153-265-250-304-174-367-103-314-371-356-170-329-215-19-470-25-114-248-488-84-452-8-311-62-14-180-316-386-290-13-455-365-330-426-334-347-83-70-218-74-444-381-308-412-358-169-139-280-12-130-154-446-118-193-261-117-127-137-190-107-94-359-429-236-294-388-467-423-111-66-462-268-427-157-238-402-71-93-399-63-293-225-31-69-222-54-421-32-243-299
Memetico;500x20;data/ins_500_20_00.txt;10;60;0.85;0.5;300;26340;26189;0.58;644.3493;63;144-287-260-430-324-160-474-475-188-1-284-340-267-60-87-90-191-154-134-123-320-407-42-52-292-82-449-224-346-44-410-450-368-107-397-255-207-162-460-468-306-98-230-18-15-496-327-143-323-9-269-89-378-451-371-339-113-353-233-119-422-305-109-285-171-326-301-217-192-424-379-67-278-21-328-100-110-279-484-38-471-411-216-126-108-241-376-498-458-189-439-122-272-75-395-152-480-303-448-256-77-239-295-336-473-103-138-297-262-2-441-95-3-363-380-213-273-211-343-46-86-469-208-431-22-298-235-220-102-218-313-497-281-240-481-203-51-16-158-392-37-489-55-155-6-96-145-101-47-387-56-182-258-40-247-231-275-486-369-245-375-479-163-164-360-332-161-181-146-426-58-408-185-416-184-227-200-120-436-166-168-234-34-205-457-4-393-36-276-242-124-212-487-226-209-488-206-24-221-413-492-420-370-173-302-391-165-337-85-294-442-43-253-377-418-33-459-325-251-198-175-390-30-73-383-35-104-5-204-187-45-147-432-400-491-97-257-493-78-357-106-274-321-151-125-483-0-310-183-373-271-23-199-445-68-80-466-456-440-10-354-196-214-237-296-131-414-345-401-249-438-385-463-140-50-350-148-49-499-99-428-194-128-270-169-476-366-76-415-361-282-142-29-79-482-264-289-403-223-135-490-176-362-92-322-178-252-129-374-341-177-132-59-41-27-312-425-91-105-112-11-437-201-141-333-453-465-419-202-65-28-186-179-318-351-7-364-406-17-137-372-309-472-402-389-464-342-331-39-355-57-317-409-286-115-319-210-347-244-72-149-417-405-277-335-338-433-246-116-478-461-61-344-156-454-435-470-26-48-159-291-133-167-195-396-263-398-404-288-283-229-254-352-150-136-307-121-348-111-315-81-232-228-494-443-53-266-300-153-394-265-280-250-434-304-447-485-197-174-259-367-311-8-180-330-356-170-423-215-329-19-25-114-248-84-452-495-62-14-316-386-290-13-455-365-88-83-70-74-127-314-381-444-349-308-412-358-384-64-172-139-12-130-20-477-446-261-117-118-190-94-359-429-236-388-467-66-462-427-157-238-71-268-93-399-63-219-193-225-382-334-31-69-293-222-54-421-32-243-299
Memetico;500x20;data/ins_500_20_00.txt;11;60;0.85;0.5;300;26289;26189;0.38;804.8097;116;144-287-430-294-368-134-260-90-475-87-42-340-52-495-21-60-410-53-406-474-191-449-339-15-292-82-337-346-158-306-378-113-123-44-207-227-255-109-397-98-451-224-162-327-217-48-458-460-468-18-353-89-441-269-9-371-285-143-119-305-281-422-322-301-192-323-424-320-496-78-67-278-226-230-343-484-38-349-275-471-100-411-216-379-108-241-498-189-244-439-110-122-126-279-288-395-328-152-326-213-303-384-448-256-75-77-295-336-473-103-262-180-2-3-239-363-380-149-273-46-37-146-86-469-208-267-1-480-22-95-298-235-220-102-450-313-142-497-457-203-51-16-392-233-489-231-197-55-155-6-409-387-211-96-240-47-56-258-40-369-245-188-375-479-212-163-431-4-164-360-332-101-161-145-181-186-426-58-408-184-243-200-120-436-166-168-156-234-34-218-478-284-36-276-354-242-487-209-206-24-221-413-492-178-420-370-173-493-391-165-85-185-138-442-43-377-361-418-33-172-160-459-325-251-198-88-175-390-30-73-383-35-104-187-45-486-432-416-400-491-97-385-257-357-274-321-382-125-483-334-0-205-310-183-373-271-23-199-445-263-309-485-68-477-219-466-456-440-10-111-196-452-171-296-398-131-414-345-401-249-438-463-140-50-350-376-148-49-499-428-300-194-128-476-76-415-282-29-79-482-264-289-403-259-135-28-176-362-92-106-127-252-270-129-374-341-177-132-59-41-27-312-425-91-80-105-112-437-11-201-141-333-465-419-202-65-490-179-318-351-7-364-17-372-214-472-229-402-389-154-342-331-286-464-39-355-317-115-481-182-223-447-64-347-107-302-72-124-204-417-405-277-335-338-407-433-246-116-461-61-344-454-435-26-215-5-20-159-291-133-167-396-404-283-319-210-315-247-14-136-307-121-253-453-348-393-237-81-232-228-494-443-147-254-153-394-151-195-324-250-304-225-265-174-367-99-311-8-330-356-470-280-366-170-423-150-57-329-114-19-248-488-316-84-266-62-25-272-434-290-13-455-365-352-83-70-74-381-444-297-308-412-358-169-139-12-446-314-193-130-190-261-137-386-94-359-236-118-388-429-467-66-462-427-157-238-71-268-117-399-63-93-222-69-293-31-54-421-32-299
Memetico;500x20;data/ins_500_20_00.txt;12;60;0.85;0.5;300;26376;26189;0.71;551.5584;47;144-287-474-267-430-346-368-52-42-294-134-450-90-191-154-188-340-306-410-82-266-107-449-207-288-255-224-305-143-397-98-217-451-458-323-460-269-89-468-441-422-18-78-322-285-192-339-379-301-67-278-226-328-21-475-110-100-230-371-279-484-38-123-411-216-471-126-108-241-376-498-327-87-213-189-292-122-395-152-275-158-208-439-272-1-431-146-22-95-298-303-384-448-256-75-77-239-295-276-336-103-297-387-326-2-281-378-3-363-380-273-211-109-46-37-481-262-324-244-86-469-235-220-102-218-313-137-497-240-237-203-51-16-392-489-231-197-55-480-155-156-457-349-6-96-145-101-47-56-245-375-258-40-434-15-486-369-479-318-163-424-164-223-360-409-227-332-182-181-186-260-408-185-416-320-184-127-200-120-48-436-166-168-234-426-407-34-353-385-253-478-284-393-36-138-263-242-487-161-209-206-24-221-413-492-420-370-173-162-406-391-463-165-85-442-43-4-377-361-142-418-33-160-459-325-251-58-198-175-390-401-30-383-35-104-5-149-187-417-147-432-400-491-97-45-257-352-357-274-321-151-382-125-496-483-334-0-205-9-310-183-271-23-199-445-68-80-477-354-219-456-440-10-196-309-485-171-493-296-131-414-345-249-438-140-50-350-148-49-499-99-428-300-194-270-476-366-76-415-282-29-79-482-289-403-259-135-490-362-92-178-252-129-374-106-177-341-132-124-59-41-27-312-91-105-112-11-437-201-141-333-453-465-419-202-65-28-179-212-351-7-364-17-372-57-214-373-472-229-402-389-464-342-331-355-317-115-447-319-210-64-347-119-180-72-204-405-277-335-338-159-291-133-433-246-176-116-172-461-425-61-344-454-435-470-26-394-167-195-396-398-404-283-128-254-150-136-343-307-121-348-111-315-81-232-228-494-443-60-20-247-233-495-153-265-39-250-304-225-174-367-311-8-330-356-73-286-170-423-329-302-88-215-19-25-114-248-488-84-452-280-62-14-316-290-13-455-365-70-74-444-314-381-386-473-308-412-264-358-169-139-12-130-446-118-337-261-466-44-83-190-94-193-359-236-388-429-467-66-462-427-117-157-238-71-268-93-399-63-53-113-31-69-293-222-54-421-32-243-299
Memetico;500x20;data/ins_500_20_00.txt;13;60;0.85;0.5;300;26293;26189;0.40;760.2785;93;144-287-127-294-406-260-90-15-267-474-191-60-410-323-82-255-306-407-292-107-475-134-123-339-451-340-207-98-162-48-224-468-143-42-281-87-327-52-113-458-18-397-378-450-353-89-441-269-460-285-371-422-301-192-424-109-217-21-326-328-78-230-278-349-343-379-279-484-38-110-67-181-471-225-324-216-226-126-108-430-119-189-75-288-480-411-188-448-256-439-77-239-295-138-336-473-103-213-297-387-481-495-498-2-479-3-380-273-211-46-37-86-376-158-208-122-1-431-43-395-22-298-235-220-102-218-313-241-497-469-240-457-247-68-322-244-203-51-146-16-392-263-489-197-55-155-156-231-409-96-145-47-56-496-258-101-40-486-223-369-100-163-164-360-332-180-161-58-184-200-120-227-111-436-166-264-95-234-34-478-152-320-408-284-393-36-276-242-209-206-24-492-420-370-302-182-493-391-165-385-85-442-487-361-137-418-173-160-459-325-251-375-175-390-30-73-63-383-35-104-5-212-187-45-245-186-272-147-9-491-413-97-417-293-257-357-106-274-321-151-125-483-334-0-303-205-310-445-373-271-185-23-432-33-199-400-346-416-262-80-286-477-354-6-466-456-440-10-196-309-485-171-296-131-414-401-249-438-463-140-50-148-449-49-142-499-428-253-300-93-194-128-275-219-270-476-76-415-282-79-482-168-4-289-259-465-403-20-233-135-176-362-92-178-252-129-374-341-345-177-366-350-132-124-59-41-27-29-312-183-149-425-91-105-112-11-88-377-437-201-490-141-333-221-453-419-202-65-28-179-318-351-7-364-17-372-214-464-389-472-99-342-57-331-355-317-115-167-319-44-347-72-405-277-335-305-338-433-39-116-461-237-61-344-210-454-435-159-291-133-447-195-396-198-215-398-404-283-26-254-136-307-121-348-172-315-81-228-494-443-266-53-153-394-265-280-232-246-250-64-304-174-367-337-311-8-356-330-170-423-329-25-114-19-248-488-84-452-62-14-316-386-290-13-455-365-83-70-74-444-470-382-368-314-381-384-426-204-434-308-150-358-169-139-352-12-130-446-154-193-117-118-190-94-412-238-359-429-236-388-467-66-462-427-157-71-268-399-363-261-31-69-402-229-222-54-421-32-243-299
Memetico;500x20;data/ins_500_20_00.txt;14;60;0.85;0.5;300;26277;26189;0.34;875.0883;136;144-287-260-474-346-90-406-52-60-42-377-134-15-215-339-410-191-323-450-272-82-111-368-449-306-340-123-107-89-87-451-188-113-98-226-162-281-378-407-468-217-397-48-9-460-353-57-224-327-269-18-192-237-285-143-44-110-301-424-379-67-278-78-119-20-324-294-422-21-328-100-322-207-230-244-475-343-279-484-158-38-471-216-213-126-108-376-498-439-122-288-77-240-395-241-152-295-189-75-448-256-480-239-109-336-297-262-387-233-481-2-3-363-273-211-46-37-86-208-431-22-95-235-220-154-102-313-298-142-497-457-51-103-16-430-4-1-392-489-231-197-55-155-6-409-267-96-145-47-56-182-258-40-434-223-245-375-479-212-163-164-360-332-161-181-186-426-58-408-185-184-275-200-165-436-166-168-432-234-441-385-478-284-393-101-276-242-487-209-206-416-24-34-349-221-492-420-370-173-302-493-391-326-85-247-120-442-43-253-418-33-172-160-459-325-198-175-390-30-73-383-35-104-5-149-187-458-45-156-369-127-495-147-305-400-491-97-417-137-257-352-415-357-106-138-274-321-151-125-483-0-205-310-183-303-286-271-23-251-199-445-68-80-334-477-354-219-466-456-440-10-196-309-485-171-296-131-414-345-401-249-438-463-140-50-350-148-49-499-99-428-300-194-128-270-476-366-76-282-29-79-482-289-403-259-135-490-176-362-92-36-146-178-252-129-374-341-486-177-132-124-59-41-27-312-425-91-88-292-380-105-413-112-11-65-320-179-437-201-141-453-419-202-411-318-351-7-364-17-372-218-214-472-333-229-389-464-263-342-227-433-246-116-461-331-39-355-317-115-447-319-210-64-347-225-28-204-277-371-335-255-465-338-61-361-344-454-435-159-291-133-167-195-396-469-402-398-404-283-394-254-136-307-121-203-470-348-315-81-232-494-443-384-72-153-265-280-250-150-304-174-367-337-311-8-330-496-356-373-170-228-266-180-329-19-488-25-248-114-316-452-84-62-14-290-13-455-365-83-70-386-74-444-314-381-382-130-308-412-358-473-264-423-53-169-139-12-446-118-193-405-190-94-359-429-236-388-467-66-462-427-238-157-71-268-93-399-63-31-69-293-222-26-261-54-421-117-32-243-299
Memetico;500x20;data/ins_500_20_00.txt;15;60;0.85;0.5;300;26313;26189;0.47;624.3842;81;144-287-346-127-90-87-474-52-484-60-191-267-154-410-272-215-368-449-406-339-460-275-98-323-387-327-134-113-143-255-451-224-320-162-281-217-496-490-475-18-89-371-441-422-21-110-269-192-301-67-278-78-322-109-379-123-20-294-152-397-328-353-305-100-468-9-230-244-343-279-38-158-42-188-225-411-216-471-119-126-241-376-189-439-122-285-75-288-395-448-213-77-239-295-138-336-324-330-473-498-103-247-480-15-297-262-3-363-380-303-273-211-46-37-86-208-409-407-1-431-146-55-481-22-95-57-220-218-313-497-349-457-203-51-16-392-489-231-197-155-156-384-378-6-96-101-47-56-182-258-40-486-235-223-245-102-375-259-212-360-332-4-161-181-186-111-58-434-145-408-185-200-120-450-436-168-234-34-164-284-393-36-276-242-209-263-298-206-240-306-44-24-369-478-163-221-492-420-370-173-302-493-391-142-165-85-41-442-385-43-253-131-377-149-227-361-326-260-33-172-160-459-325-198-469-175-137-390-416-30-73-383-104-5-187-45-166-432-400-491-414-97-352-10-196-309-485-171-296-357-106-274-270-321-151-382-125-483-418-0-205-310-183-207-373-271-23-199-445-68-80-477-354-219-466-456-440-345-249-438-82-463-140-50-350-49-499-99-428-282-458-194-430-128-476-76-415-88-251-29-495-79-289-403-479-176-362-92-35-252-374-341-177-132-124-59-178-147-27-425-91-112-437-366-105-141-333-453-465-135-201-419-340-487-202-65-28-179-318-351-7-364-17-372-214-472-417-229-389-464-342-331-39-355-115-447-210-64-312-347-72-204-405-277-335-237-338-433-246-461-426-61-344-435-470-159-48-133-396-398-404-283-136-454-307-121-315-81-232-228-494-443-53-266-8-153-184-319-348-280-265-250-304-174-317-413-402-367-286-311-170-423-329-300-256-394-233-424-356-337-19-26-25-114-257-167-108-11-116-488-291-84-452-62-14-316-386-290-13-455-226-150-74-444-70-314-381-254-169-308-401-412-358-107-139-12-130-195-446-118-261-264-334-365-193-129-482-248-83-180-293-69-94-190-148-359-429-236-388-467-66-292-462-427-157-238-93-71-268-399-63-31-2-222-54-117-421-32-243-299
Memetico;500x20;data/ins_500_20_00.txt;16;60;0.85;0.5;300;26324;26189;0.52;419.1138;40;144-287-474-188-368-406-215-57-90-15-87-337-340-52-260-410-82-267-191-60-449-109-346-407-123-320-475-495-292-450-339-107-323-255-224-451-98-207-162-460-468-18-281-113-9-353-378-327-143-217-269-89-233-285-119-496-301-192-424-458-422-78-379-371-3-67-278-20-21-226-326-306-110-294-279-484-38-471-225-411-216-158-126-237-134-441-108-376-275-498-230-189-439-391-122-75-343-288-152-111-213-480-395-397-303-448-256-430-77-239-295-314-241-138-336-473-103-297-262-387-481-328-2-363-380-273-46-37-86-469-208-1-431-146-305-22-95-298-324-235-220-100-349-286-102-313-142-227-497-247-457-203-51-16-392-180-263-489-231-197-55-155-156-244-6-409-96-145-47-56-182-258-40-434-486-223-245-375-479-212-163-164-360-332-161-181-186-101-58-408-44-185-184-42-200-120-436-166-168-426-234-34-385-478-393-4-36-276-322-242-487-209-206-24-334-221-413-492-284-420-370-173-302-165-85-442-43-253-377-361-418-33-172-160-459-325-251-198-175-390-30-73-383-35-104-5-187-45-147-432-400-491-97-257-352-369-357-106-483-274-321-151-382-125-0-205-310-354-219-456-440-10-196-309-183-271-23-445-137-68-80-477-485-171-296-131-414-345-401-249-438-211-140-50-350-148-49-499-99-428-300-194-270-476-366-76-415-282-29-79-264-289-403-259-490-362-92-178-252-129-374-341-177-132-124-59-27-312-91-88-105-240-112-11-437-463-201-141-333-453-465-419-202-176-135-65-41-28-179-318-351-7-364-17-372-214-472-229-199-402-389-464-342-127-331-39-355-115-447-319-64-347-493-72-128-416-204-417-405-277-335-338-433-246-116-373-461-425-61-344-454-435-470-26-159-291-133-167-195-396-398-404-283-272-210-149-150-136-307-121-48-315-81-53-232-228-494-443-254-266-153-394-265-280-250-304-348-154-174-367-311-8-330-356-317-170-218-423-329-19-25-114-248-488-84-452-62-14-316-386-290-13-455-365-83-70-74-444-381-308-412-358-482-384-169-139-12-446-193-118-261-130-190-94-243-359-466-429-236-388-467-66-462-427-157-238-71-268-117-93-399-63-31-69-293-222-54-421-32-299
Memetico;500x20;data/ins_500_20_00.txt;17;60;0.85;0.5;300;26313;26189;0.47;731.0199;120;144-287-127-294-406-226-430-188-324-368-53-340-495-55-87-215-109-376-275-90-60-410-82-267-191-450-449-346-474-134-320-52-292-339-349-44-306-113-180-107-255-378-451-323-48-224-207-217-98-305-154-162-460-468-18-327-286-496-281-9-353-269-89-441-123-422-322-67-78-278-301-192-363-237-119-328-100-15-143-110-225-326-21-230-244-343-397-279-484-285-379-471-216-498-189-122-75-395-152-38-480-439-42-448-256-77-239-295-138-473-103-297-262-158-3-380-213-273-211-46-37-86-208-431-142-243-22-95-298-235-220-102-345-469-424-240-203-51-146-16-4-336-392-263-197-489-231-155-156-6-409-96-145-47-288-56-182-411-258-40-434-457-245-481-375-479-497-212-163-164-360-332-161-58-408-416-200-247-120-458-436-499-168-234-34-385-478-303-284-407-276-313-101-137-242-487-209-181-206-393-227-24-221-492-420-370-173-272-493-391-165-185-85-442-43-361-418-33-172-160-459-325-251-198-175-390-30-73-383-35-104-371-5-36-149-187-23-147-369-432-491-97-417-293-253-257-357-106-321-151-382-125-483-111-0-310-183-271-45-199-445-80-218-477-354-1-186-219-466-456-440-10-196-309-233-68-485-171-296-131-414-377-401-250-438-140-50-148-49-166-99-428-300-194-128-270-476-366-76-29-79-415-282-482-264-289-403-259-490-176-362-92-178-252-129-374-341-177-463-124-59-41-27-312-91-105-112-11-437-88-201-223-20-141-333-453-214-472-229-486-465-202-65-179-318-351-7-57-364-17-372-350-402-389-464-425-342-331-39-355-413-317-115-447-319-210-426-64-28-347-72-302-204-405-335-338-433-246-400-274-116-461-61-344-454-435-26-205-159-291-167-195-396-135-398-404-283-133-254-150-241-136-307-121-348-315-81-260-232-228-494-443-266-153-394-265-280-249-304-174-367-311-8-337-330-356-170-475-423-108-329-19-470-114-248-488-452-373-84-62-25-14-316-386-290-13-455-365-83-70-74-444-384-334-132-387-169-314-277-381-308-358-419-139-130-412-352-12-446-193-118-190-94-359-236-126-388-238-467-66-462-427-157-71-261-268-117-93-399-63-429-184-31-69-2-222-54-421-32-299
Memetico;500x20;data/ins_500_20_00.txt;18;60;0.85;0.5;300;26307;26189;0.45;645.1474;83;144-287-430-215-87-260-410-475-267-191-154-474-449-339-272-320-60-323-247-113-306-82-346-458-90-255-378-468-292-18-327-52-460-217-98-281-162-450-301-224-269-89-451-285-123-119-422-78-371-343-322-424-379-278-109-192-328-275-230-279-484-38-100-411-471-216-158-213-126-376-188-498-189-9-439-122-324-75-288-152-407-480-395-303-448-256-226-340-77-305-239-295-406-110-108-53-138-336-473-103-241-220-297-143-441-262-387-326-2-3-380-273-46-37-208-1-431-22-95-298-235-102-313-142-240-457-203-51-16-21-4-392-244-489-231-55-155-156-6-409-96-497-469-349-24-67-145-101-47-56-182-258-40-486-211-369-245-375-479-163-164-360-332-181-186-426-58-397-416-107-200-120-436-166-168-432-34-385-478-284-393-36-276-86-263-242-233-487-184-209-206-161-221-413-492-408-420-370-173-302-185-493-391-85-442-43-253-481-377-48-361-418-33-172-160-459-325-251-198-88-175-15-390-73-363-383-35-104-5-149-187-20-147-400-165-334-234-286-30-249-315-491-97-417-293-257-357-106-274-321-151-382-125-483-0-205-310-183-271-496-23-45-199-445-68-80-212-218-477-354-219-466-456-440-10-196-309-485-171-296-131-414-345-401-44-134-137-140-50-350-49-499-99-428-300-194-128-270-362-132-476-76-415-282-29-79-482-264-289-403-259-135-490-176-92-178-214-252-129-374-341-177-148-463-124-59-41-27-312-91-425-112-11-373-437-201-105-141-333-453-465-419-202-65-179-318-351-7-364-17-372-472-229-402-389-464-337-331-39-447-319-352-64-347-197-72-204-405-57-277-344-28-115-180-335-338-433-250-246-116-461-438-61-454-435-26-210-159-291-133-167-195-396-398-404-283-254-150-237-136-307-121-342-348-81-232-207-228-366-118-494-443-170-266-153-394-265-280-353-304-317-470-314-174-367-311-8-495-330-356-223-423-329-19-114-248-488-355-452-84-25-434-62-316-386-290-13-455-365-127-83-70-74-444-381-308-412-358-169-139-384-12-130-227-446-294-193-146-14-225-111-368-42-190-94-359-429-236-388-467-66-462-427-157-238-71-268-117-399-63-31-69-261-93-222-54-421-32-243-299
Memetico;500x20;data/ins_500_20_00.txt;19;60;0.85;0.5;300;26379;26189;0.73;453.8367;62;144-287-430-346-215-21-134-294-406-156-42-90-340-87-52-267-95-410-475-474-60-57-272-368-449-339-324-191-292-306-407-323-320-255-378-451-224-450-98-48-162-337-82-458-460-468-18-217-281-327-496-143-269-495-353-441-9-233-285-109-422-301-192-251-379-78-67-278-20-326-397-328-100-110-230-343-89-279-484-38-471-225-216-480-213-126-108-373-119-376-498-113-189-439-122-75-288-158-395-152-384-448-411-207-256-77-239-295-138-336-473-137-103-297-262-387-2-3-380-305-273-46-37-409-469-208-431-22-298-235-220-102-218-424-146-313-497-240-247-457-203-51-127-16-481-241-4-392-489-231-197-55-155-6-86-96-145-101-47-56-227-182-258-40-434-223-245-375-211-479-212-163-164-360-303-486-332-263-349-181-186-58-408-426-185-184-243-200-120-436-166-34-478-237-284-393-36-73-276-1-161-242-487-413-492-420-370-173-168-142-391-363-165-85-442-43-253-377-418-33-172-160-459-325-198-175-30-206-416-383-35-104-5-149-187-45-147-432-400-491-97-417-257-106-274-321-151-125-483-0-183-271-23-199-445-68-80-477-385-354-219-44-466-440-10-286-196-309-485-171-296-131-414-345-401-438-463-140-350-148-49-499-99-428-300-194-128-352-270-476-366-76-415-282-79-482-264-289-403-322-490-176-259-135-362-92-178-252-129-374-341-177-132-124-24-59-244-334-88-351-209-15-234-7-249-364-456-41-27-107-312-425-91-50-205-105-141-493-333-465-419-275-112-11-437-202-65-28-179-318-17-154-371-310-453-372-214-472-229-402-389-464-342-201-331-355-317-188-115-447-319-210-64-347-72-405-277-335-338-433-246-123-116-357-369-461-61-344-454-435-470-39-26-159-291-133-167-111-195-396-29-398-404-283-254-150-136-307-121-81-232-228-204-494-443-226-330-221-153-302-315-266-394-265-280-250-304-53-174-367-311-8-356-170-488-348-423-329-260-180-19-25-114-248-84-452-62-14-316-386-290-13-455-365-83-70-74-444-314-381-361-308-412-358-169-139-12-130-382-446-118-193-117-261-190-94-359-429-236-388-467-66-462-427-157-238-71-268-93-399-63-31-390-69-293-222-54-421-32-299
Memetico;500x20;data/ins_500_20_00.txt;20;60;0.85;0.5;300;26345;26189;0.60;469.2948;58;144-287-430-495-474-134-60-42-87-90-154-191-449-237-260-410-406-82-52-292-339-15-75-320-323-281-113-475-305-294-217-327-98-162-451-450-18-458-89-207-224-353-269-346-422-285-378-48-301-78-192-188-424-379-67-278-20-123-328-326-460-109-180-100-110-107-230-343-216-340-279-484-247-371-226-441-38-9-471-225-143-244-468-108-241-275-376-498-189-439-119-122-233-324-288-152-267-480-213-303-448-395-256-77-239-295-138-336-473-103-297-262-387-2-349-3-363-380-273-211-46-37-469-158-208-1-431-481-22-86-95-298-235-220-102-218-313-142-497-240-127-457-203-51-146-397-21-16-392-489-231-197-55-155-156-409-96-145-101-47-56-182-258-40-434-4-245-178-223-369-375-212-163-164-332-181-186-58-408-6-416-184-126-161-227-243-200-120-436-166-168-234-34-185-57-385-479-478-284-322-393-36-276-384-420-137-148-242-487-209-206-24-221-413-492-370-302-493-391-165-85-442-43-253-377-418-33-172-160-459-325-173-251-198-263-486-175-390-30-383-35-104-5-149-187-45-147-432-400-491-97-310-417-257-357-106-274-321-151-382-125-483-0-183-373-271-23-199-445-68-80-407-477-354-219-466-456-440-10-196-309-171-296-131-414-345-401-249-438-44-463-272-53-140-50-350-49-499-99-428-300-360-194-205-270-476-366-76-415-282-29-79-482-289-403-259-135-490-92-252-129-374-177-132-59-41-27-312-425-91-105-112-11-437-128-201-141-333-453-88-465-124-411-202-65-28-176-179-318-73-351-7-364-419-17-372-214-472-229-402-389-464-342-331-39-355-286-317-115-447-319-210-64-347-72-204-405-277-335-338-433-246-116-461-61-344-454-435-470-62-159-291-306-133-167-195-396-398-404-283-255-334-254-150-136-307-121-426-348-315-362-81-232-228-494-443-266-153-394-265-361-26-280-250-496-304-174-367-311-8-330-356-215-423-329-19-25-114-248-488-452-341-84-316-386-14-290-13-455-365-83-70-74-444-111-314-381-308-412-358-485-169-139-12-446-130-170-118-193-261-117-190-94-359-429-236-388-467-66-462-368-427-157-352-238-71-268-93-264-399-421-337-63-31-69-293-222-54-32-299
Memetico;500x20;data/ins_500_20_00.txt;21;60;0.85;0.5;300;26253;26189;0.24;593.0731;137;287-144-260-127-215-406-430-87-90-42-156-43-52-191-346-275-474-475-60-45-410-158-495-82-451-255-292-306-397-320-378-123-207-98-162-450-460-217-281-286-468-107-327-224-323-143-267-301-353-496-269-340-89-18-441-285-422-192-278-78-67-20-57-9-110-294-226-328-100-230-343-379-279-38-471-126-108-484-498-189-122-213-326-216-119-75-288-395-152-480-439-384-448-256-77-241-138-295-336-473-103-137-297-134-262-481-2-3-363-380-273-211-324-37-86-469-1-113-431-146-22-95-298-235-220-102-180-313-142-497-458-240-21-247-322-46-457-339-203-16-4-392-233-263-51-15-489-231-197-55-155-184-200-349-6-120-409-244-96-145-47-56-182-258-434-486-223-369-245-185-375-479-212-163-164-360-332-161-181-186-426-58-408-368-436-166-168-237-234-34-385-239-478-284-393-36-276-12-242-487-209-206-101-24-221-413-492-420-352-370-173-302-493-391-165-272-85-214-442-253-377-361-418-33-160-459-325-175-30-73-383-35-104-149-187-109-147-432-400-97-257-28-357-106-274-321-151-382-125-483-40-0-23-199-445-390-416-205-183-373-271-68-80-477-463-366-354-219-456-440-10-196-309-485-171-296-131-414-345-401-249-491-438-310-218-140-50-350-148-49-499-99-428-300-194-128-270-476-447-76-154-415-282-29-79-264-289-403-259-135-490-176-362-376-92-178-188-407-252-374-341-177-132-124-59-41-27-312-425-91-88-112-11-251-437-201-305-141-333-453-465-419-202-65-411-179-318-351-7-364-372-387-472-229-402-389-464-342-331-355-317-319-210-17-64-250-303-105-347-371-72-204-277-172-5-335-338-433-246-417-116-461-115-61-344-39-454-435-470-159-291-195-396-398-404-283-136-307-121-348-26-81-232-228-494-443-53-266-153-167-315-394-265-280-304-174-367-405-330-208-48-356-311-170-423-329-424-19-44-25-248-488-84-62-14-316-386-133-290-13-150-455-365-70-74-444-8-314-381-254-308-358-337-169-139-412-227-130-114-452-446-482-334-129-118-193-225-198-111-190-94-238-359-466-429-236-388-83-467-66-462-427-157-71-268-93-399-449-63-31-69-293-222-54-421-117-261-32-243-299
Memetico;500x20;data/ins_500_20_00.txt;22;60;0.85;0.5;300;26319;26189;0.50;563.3588;88;287-144-111-260-474-134-60-87-267-21-410-42-90-215-340-52-109-191-449-346-450-292-306-324-320-123-475-337-339-275-323-107-82-207-397-98-286-451-18-458-468-162-460-327-143-224-496-353-269-217-89-441-301-255-233-379-192-57-422-424-67-78-278-305-328-378-110-272-279-484-326-471-230-113-38-226-411-216-285-349-126-108-343-376-498-189-137-241-439-122-75-288-395-152-158-9-480-384-448-256-77-138-336-473-103-297-387-481-2-3-363-380-211-46-37-373-239-295-86-469-208-431-22-298-235-220-102-218-142-497-240-262-457-259-16-4-180-489-197-1-146-55-127-155-95-156-495-368-6-100-104-96-145-47-56-182-258-40-20-486-223-369-245-479-163-164-360-263-332-161-188-181-247-186-58-361-408-44-185-407-314-184-406-85-200-120-436-166-34-313-119-385-375-478-168-234-227-284-101-393-36-426-242-487-209-206-24-221-413-492-48-420-370-173-302-493-322-391-165-418-43-253-377-442-33-172-160-459-325-251-198-88-303-430-175-390-30-73-383-5-149-187-45-147-432-400-491-97-417-257-276-352-357-35-273-212-17-106-274-321-125-483-0-205-310-183-51-271-23-199-445-371-68-80-15-244-154-477-354-213-219-466-456-388-440-10-231-196-309-171-296-131-414-345-401-438-463-140-50-350-148-49-434-334-499-99-428-300-194-128-270-476-366-76-415-249-59-282-29-79-482-289-403-294-151-490-176-362-92-178-252-129-374-341-177-132-124-419-41-27-312-425-105-112-11-437-225-201-281-141-333-453-465-392-202-65-28-179-318-351-7-364-372-214-472-203-402-389-464-342-331-39-355-115-447-319-210-64-237-347-72-204-405-277-335-338-433-246-116-461-61-416-344-454-435-470-26-159-291-133-167-195-396-404-283-254-150-238-307-121-348-315-81-232-228-494-135-443-266-153-91-398-394-409-265-280-250-304-174-317-367-311-8-330-382-356-170-423-329-19-25-114-488-84-452-62-14-316-290-13-455-365-83-70-74-444-381-308-412-358-485-169-139-248-446-130-12-118-193-261-190-359-429-236-467-66-427-462-94-157-136-71-386-93-399-63-31-69-293-53-268-264-229-222-54-421-117-32-243-299
Memetico;500x20;data/ins_500_20_00.txt;23;60;0.85;0.5;300;26296;26189;0.41;754.4459;108;144-287-60-87-260-430-474-75-320-52-292-42-324-475-306-90-346-410-82-339-113-255-279-134-123-21-98-162-460-191-451-224-340-109-496-468-458-18-89-450-217-281-269-143-397-328-165-301-192-207-67-379-441-278-100-484-327-322-353-48-230-343-302-38-285-471-411-216-481-158-126-498-439-275-110-422-152-189-241-349-213-288-448-256-295-336-233-9-473-103-297-480-2-3-363-380-273-211-46-37-86-208-1-431-146-22-95-298-235-220-313-376-262-497-122-457-108-294-16-77-387-392-182-102-378-263-212-231-197-377-55-155-156-51-6-409-96-101-47-258-40-434-223-245-375-489-163-360-332-395-111-180-161-181-186-4-58-420-164-370-173-493-391-85-225-384-145-486-416-445-240-184-239-78-15-369-200-120-436-166-168-303-326-34-385-478-284-393-36-242-487-209-337-206-408-24-413-492-188-442-43-495-361-319-418-185-323-33-172-160-56-459-325-227-251-198-175-276-142-390-30-73-383-226-35-104-5-149-187-45-147-432-491-97-417-257-352-469-357-106-321-151-382-234-373-305-414-479-244-345-59-221-125-483-400-0-205-310-183-271-199-68-477-237-219-466-456-440-10-368-23-309-485-171-407-296-8-249-438-463-50-350-148-49-499-99-415-428-300-194-128-270-476-366-138-449-196-282-29-80-79-264-289-403-259-135-490-203-176-76-362-92-178-482-419-202-252-129-374-341-177-131-132-124-41-27-312-91-105-112-11-20-437-201-141-333-453-354-465-65-28-179-318-351-7-364-17-372-214-472-229-272-402-389-464-253-286-342-331-39-355-317-115-447-247-64-347-72-57-204-405-277-274-210-335-338-44-53-433-246-371-116-461-61-344-454-435-470-159-133-167-291-195-396-398-404-283-254-150-136-307-121-348-315-81-228-494-443-266-153-394-265-280-424-250-304-174-367-311-356-170-329-215-423-330-243-119-425-232-401-19-248-25-488-452-62-114-316-386-14-290-13-455-365-314-426-84-70-74-127-308-444-412-88-358-169-139-12-381-130-446-118-267-334-193-261-117-154-137-140-94-359-429-236-388-190-83-467-66-462-427-238-157-71-268-406-218-31-26-399-63-93-222-69-293-107-54-421-32-299
Memetico;500x20;data/ins_500_20_00.txt;24;60;0.85;0.5;300;26333;26189;0.55;598.4129;84;127-144-287-260-430-346-90-475-53-368-474-340-52-156-275-60-123-15-410-267-82-272-154-191-247-450-320-87-255-306-323-407-107-460-468-162-451-224-379-143-458-207-217-339-98-496-353-18-89-113-327-397-422-301-192-57-328-20-285-226-278-48-67-78-110-322-269-230-279-441-288-233-484-471-42-326-225-158-411-216-100-213-109-108-498-292-189-395-378-21-281-9-152-380-439-134-480-294-303-448-180-256-77-239-295-138-336-473-297-262-387-481-63-286-2-363-273-211-46-37-86-208-1-431-146-22-343-95-235-227-220-102-142-75-240-457-241-203-51-103-16-392-469-489-231-349-409-197-155-166-168-237-6-96-101-47-56-497-182-258-40-486-223-245-449-375-479-163-164-360-332-145-181-186-426-58-408-185-416-184-200-120-234-38-436-34-24-413-478-4-55-284-393-36-276-242-487-209-206-420-370-137-173-126-302-406-493-313-391-165-85-434-442-3-43-253-377-361-418-33-459-325-251-160-263-175-390-30-112-73-383-35-324-104-5-149-298-432-400-491-97-376-428-417-257-352-212-357-106-492-274-321-151-382-125-483-334-0-205-310-183-244-271-23-45-172-199-385-445-68-221-477-354-305-219-466-456-440-10-196-309-369-171-296-131-414-345-249-438-371-463-140-50-350-148-49-499-99-300-194-128-270-476-415-282-29-79-289-403-135-490-176-188-482-187-465-419-202-65-80-92-178-366-88-76-252-374-341-177-132-124-59-41-27-312-425-91-105-11-437-201-44-141-333-453-179-198-318-351-7-364-17-259-372-214-472-229-402-389-464-342-331-39-355-317-119-122-115-218-447-319-64-495-72-204-362-28-405-277-243-335-338-433-246-116-461-61-344-485-454-435-159-291-133-167-195-396-129-398-404-283-254-136-307-121-348-315-111-337-150-314-210-470-81-232-228-494-443-147-266-153-347-394-265-250-174-367-311-330-356-304-452-170-423-215-329-114-19-25-384-248-488-84-62-316-386-290-13-8-365-83-70-74-444-14-455-381-424-308-412-401-358-169-139-12-130-446-26-118-193-117-373-261-190-94-359-429-236-264-388-467-427-66-462-238-280-157-71-268-93-399-293-31-69-161-222-54-421-32-299
Memetico;500x20;data/ins_500_20_00.txt;25;60;0.85;0.5;300;26302;26189;0.43;895.5614;157;287-144-111-430-87-474-60-410-267-52-275-376-191-154-495-82-368-346-449-215-156-15-113-90-188-339-292-306-107-255-407-227-294-378-323-320-451-123-44-272-207-162-450-224-340-458-468-98-143-460-18-397-9-353-305-269-192-89-217-441-422-496-78-286-322-301-109-424-379-67-278-237-349-230-484-38-471-475-411-371-216-126-108-241-498-189-343-439-122-328-75-336-285-288-395-152-480-134-303-448-281-57-256-77-295-473-103-233-297-225-262-387-2-100-3-380-273-211-37-138-86-469-208-158-46-1-431-146-239-22-95-298-384-235-220-102-497-218-226-244-51-16-327-392-263-489-197-457-55-142-155-6-96-101-56-182-258-40-434-369-245-48-375-479-212-163-279-164-145-360-332-161-181-313-186-58-408-481-240-185-416-247-486-200-166-168-234-34-478-127-284-393-36-4-406-492-47-420-370-276-436-242-487-184-206-24-221-173-302-493-165-137-110-85-20-120-442-43-385-253-377-361-326-418-33-172-160-459-42-325-251-198-209-88-175-390-30-73-383-35-104-5-187-45-337-147-432-223-400-491-97-417-257-231-357-106-274-321-382-125-483-413-324-0-205-310-183-391-373-271-23-199-445-68-80-477-354-334-219-10-196-309-485-171-296-131-414-345-401-438-463-50-350-99-428-300-194-128-151-270-148-49-499-149-21-76-415-282-29-79-264-456-289-403-259-490-176-25-315-362-252-374-341-177-132-124-59-466-92-213-41-27-140-178-476-312-91-105-112-11-437-201-333-453-119-465-202-65-28-141-179-318-351-7-364-17-372-214-472-338-229-402-389-464-342-331-39-355-203-425-440-115-447-64-366-347-317-72-204-405-277-335-433-246-116-461-454-61-435-470-210-249-159-291-133-129-344-195-396-398-404-283-135-150-136-307-121-409-348-426-419-228-494-443-81-232-293-319-266-167-53-153-394-265-280-254-250-304-174-367-482-311-8-180-330-356-170-423-260-329-114-26-19-248-488-452-290-84-62-316-13-455-14-365-70-74-381-444-314-386-308-358-169-139-446-12-130-118-359-412-193-117-429-261-94-236-388-83-190-467-66-462-157-268-427-238-71-93-399-63-352-363-222-31-69-54-421-32-243-299
Memetico;500x20;data/ins_500_20_00.txt;26;60;0.85;0.5;300;26306;26189;0.45;734.7105;148;144-287-127-294-406-260-90-226-430-87-267-340-156-275-410-475-52-42-60-180-191-346-215-109-420-450-82-449-320-292-306-339-474-107-123-182-323-255-451-98-162-458-460-468-18-217-281-327-378-496-143-9-269-89-441-285-119-422-371-78-301-192-67-471-424-328-100-110-439-326-379-230-244-343-353-279-411-216-38-126-108-498-349-278-241-152-395-213-272-303-409-77-295-257-484-336-473-189-262-387-481-113-2-3-363-380-273-211-239-86-158-208-1-407-431-448-297-22-95-298-235-220-102-313-142-497-384-240-247-227-457-203-51-16-75-392-489-231-197-55-155-37-6-145-101-47-56-258-40-434-4-486-223-491-245-375-103-44-480-184-120-146-200-436-166-479-163-164-322-360-332-161-186-426-58-397-0-185-57-168-234-34-96-385-478-393-288-36-276-242-487-209-181-206-24-221-413-492-370-173-493-391-138-85-442-46-207-43-377-20-361-418-33-172-160-459-256-325-165-198-175-390-30-73-383-35-104-369-345-212-122-15-249-438-5-187-45-417-147-432-400-483-134-293-357-106-274-151-382-125-324-408-205-310-183-271-23-445-68-80-334-477-354-466-456-440-196-21-309-485-171-41-27-312-284-251-91-105-296-131-414-140-50-350-469-148-49-499-99-428-194-128-270-476-219-305-376-366-76-218-415-29-79-482-289-403-233-259-282-135-490-362-92-178-252-129-374-341-177-132-10-495-124-59-112-11-253-437-201-141-333-453-373-321-465-419-202-65-28-179-318-351-7-364-17-372-263-214-472-229-176-402-389-199-464-342-331-136-39-355-115-447-319-64-347-237-72-204-405-277-335-338-446-425-48-470-26-133-167-433-246-116-461-61-344-454-435-159-195-396-398-404-283-149-254-210-150-188-307-154-121-348-300-315-81-291-232-228-494-443-266-153-394-265-280-250-304-317-302-463-174-367-311-401-330-286-356-170-423-329-19-25-248-488-84-452-8-62-14-114-316-386-290-13-455-365-83-70-444-74-314-381-308-412-368-358-337-169-139-111-224-12-130-88-53-118-352-137-193-117-190-94-359-429-236-238-467-66-462-427-157-388-71-268-264-93-225-421-416-399-97-63-31-69-222-54-261-32-243-299
Memetico;500x20;data/ins_500_20_00.txt;27;60;0.85;0.5;300;26327;26189;0.53;435.6798;53;144-287-430-87-474-267-260-340-90-495-192-406-410-52-191-60-154-346-449-237-82-107-292-255-15-247-306-224-320-460-468-323-226-18-407-113-339-98-162-48-327-496-272-378-353-450-441-143-451-89-9-233-422-123-78-285-301-281-379-67-278-217-20-21-158-397-269-328-110-294-230-343-279-484-38-471-411-216-126-108-326-376-498-122-288-395-152-303-384-241-189-448-213-256-77-239-295-138-336-103-262-481-207-349-2-3-363-273-211-46-37-227-86-208-424-1-431-146-22-95-298-235-220-218-313-142-497-75-473-387-44-240-457-51-16-392-475-263-371-489-380-231-197-55-155-409-96-145-101-47-56-182-286-439-258-40-486-245-375-479-163-164-360-332-161-181-186-426-58-408-185-184-368-200-120-436-166-168-458-234-34-369-206-24-478-284-289-393-36-276-469-109-242-487-156-209-221-492-420-244-499-88-370-173-302-480-493-322-165-85-442-43-391-416-385-253-377-418-33-172-160-459-325-251-198-175-30-73-297-35-104-5-187-45-147-134-432-42-400-491-97-417-257-223-106-274-151-382-125-483-212-324-0-205-310-183-373-271-23-4-445-68-80-477-354-219-300-194-270-476-76-466-456-440-10-196-309-485-171-296-131-414-345-401-149-438-463-140-50-350-49-99-428-282-29-79-403-6-128-490-362-92-178-252-129-374-341-177-132-124-59-41-27-264-312-434-425-91-321-63-105-112-437-390-333-453-465-419-357-202-65-179-318-351-7-364-17-28-372-214-472-415-229-176-389-464-57-342-331-39-355-115-447-210-64-347-72-204-405-277-259-335-338-433-246-116-53-461-61-344-102-435-470-111-159-133-167-195-396-398-404-283-402-11-254-136-307-121-348-81-317-383-135-232-228-494-315-291-266-153-413-150-394-265-280-148-454-127-250-304-174-367-443-311-8-180-330-356-305-170-482-423-329-100-361-114-201-19-25-248-488-452-62-14-199-316-386-290-13-455-365-84-83-70-74-444-249-215-314-381-366-308-412-358-169-139-188-334-12-130-26-203-118-319-193-117-261-190-359-119-446-429-236-388-467-66-427-462-94-238-157-71-137-268-399-293-31-337-69-275-93-225-352-141-222-54-421-32-243-299
Memetico;500x20;data/ins_500_20_00.txt;28;60;0.85;0.5;300;26293;26189;0.40;737.9626;94;144-287-474-111-484-294-90-495-275-475-60-87-450-320-52-267-410-368-15-247-191-451-339-324-306-82-340-162-207-123-107-98-18-460-272-154-326-9-89-110-224-327-119-192-113-422-230-353-301-255-285-20-67-371-21-226-233-292-281-279-216-328-126-38-471-439-122-323-189-217-143-152-288-241-256-95-77-239-100-109-138-103-108-297-463-336-262-481-269-343-468-2-158-449-3-407-496-448-380-441-213-211-392-273-46-1-431-298-235-220-313-75-229-22-142-473-457-389-51-16-4-86-263-489-231-197-55-155-156-6-497-409-424-244-96-47-395-480-56-182-258-223-369-498-245-145-208-479-212-163-387-164-360-181-58-240-346-408-185-184-127-200-373-376-120-436-166-168-234-63-34-378-478-434-486-393-36-276-242-48-487-209-78-24-221-492-370-420-397-302-391-165-85-286-442-43-284-377-418-33-469-160-459-101-325-251-198-206-334-416-175-303-188-30-73-363-173-383-35-104-5-187-45-147-432-400-491-97-257-172-357-106-321-151-382-411-125-483-322-0-310-183-332-271-23-406-199-445-68-80-477-354-219-44-466-456-440-10-196-309-485-171-296-414-278-237-345-413-401-438-295-140-50-350-148-49-499-99-428-300-194-128-225-493-293-146-319-29-403-318-476-385-366-76-215-282-205-79-264-289-40-135-490-176-362-92-178-252-129-374-232-341-177-132-124-59-41-27-249-312-425-91-105-112-11-437-141-333-465-259-419-202-65-472-179-270-37-379-305-351-7-364-375-28-203-464-342-331-39-355-17-214-317-115-447-426-210-64-347-352-458-72-204-405-277-335-186-338-433-246-116-417-453-42-61-344-454-435-470-461-26-159-291-133-167-396-361-134-398-404-283-136-307-121-348-315-81-228-494-443-266-153-394-265-53-280-149-250-304-150-174-367-195-311-349-8-337-330-227-253-254-356-170-423-218-329-25-248-488-84-114-452-415-62-316-386-290-13-455-365-83-70-57-74-444-260-314-381-390-308-412-482-358-131-169-139-12-130-372-446-118-261-201-88-193-137-430-19-190-274-94-359-429-236-388-467-66-462-427-157-180-71-268-402-238-384-93-102-399-14-31-69-161-222-54-421-117-32-243-299
Memetico;500x20;data/ins_500_20_00.txt;29;60;0.85;0.5;300;26337;26189;0.57;633.2198;89;287-144-111-368-215-260-430-134-53-90-275-475-21-52-87-42-149-15-337-474-267-158-410-82-191-449-450-324-272-320-60-323-255-113-451-44-123-107-207-397-306-98-162-378-339-391-458-460-468-18-422-281-217-327-305-340-346-496-143-322-9-269-336-353-89-371-192-343-424-48-67-78-278-379-20-326-328-180-100-110-349-230-244-279-484-38-471-411-216-126-376-498-119-189-286-439-75-288-1-395-57-224-213-285-108-303-448-256-77-152-294-295-138-473-109-122-103-441-297-262-2-3-380-46-37-273-86-208-480-239-406-431-22-95-298-235-220-102-211-313-384-247-457-203-4-363-392-469-489-231-197-155-497-156-289-241-409-51-218-284-96-145-146-16-55-56-182-258-40-434-486-223-369-245-263-437-375-479-163-164-360-237-301-332-161-181-426-58-408-185-184-243-200-227-120-436-166-168-234-34-385-137-393-36-276-478-242-487-209-206-24-101-221-413-492-420-370-173-302-212-493-165-85-6-442-43-253-377-418-33-172-160-459-325-251-88-175-202-30-447-383-35-104-187-45-147-432-400-240-97-417-257-352-142-357-106-205-274-321-151-382-125-483-310-271-23-199-445-68-80-416-477-354-374-219-466-5-198-456-440-10-334-373-196-309-485-171-296-73-131-414-345-401-438-463-140-50-350-49-499-99-428-300-194-128-270-476-76-415-282-29-79-482-264-403-259-135-490-176-362-92-178-252-129-341-177-407-183-132-0-226-124-233-59-148-41-27-312-292-425-91-112-225-11-201-141-333-453-465-419-390-47-65-28-105-179-318-351-7-364-17-372-495-335-338-246-214-472-229-389-464-342-331-39-355-317-115-319-210-64-347-366-72-204-405-277-116-461-433-61-154-454-435-470-159-291-133-167-195-396-344-249-404-481-283-150-136-307-121-398-186-188-315-254-81-232-228-494-443-348-266-153-394-265-250-304-174-311-8-330-367-280-491-356-170-329-387-19-25-114-248-423-488-84-62-14-386-290-316-13-455-83-70-74-365-444-127-314-381-361-308-412-358-139-12-130-446-193-452-117-261-118-359-94-429-236-238-190-169-467-66-462-427-157-71-268-93-402-388-399-26-63-31-69-293-222-54-421-32-299
Memetico;500x20;data/ins_500_20_00.txt;30;60;0.85;0.5;300;26321;26189;0.50;630.6747;78;144-287-406-260-430-346-90-475-113-188-368-134-215-57-60-87-474-53-410-82-340-449-450-407-320-191-267-107-52-323-339-422-451-324-306-98-292-458-109-123-143-18-460-224-327-496-353-217-322-89-156-269-192-378-379-424-67-78-278-207-328-226-162-100-110-244-279-484-38-471-216-441-126-108-227-376-498-189-343-285-122-75-9-213-288-384-448-15-256-497-411-439-77-152-295-303-138-336-241-103-297-387-3-380-273-211-46-37-86-469-480-208-146-22-298-395-235-220-102-142-240-247-473-2-457-203-237-262-51-16-167-489-231-197-55-155-6-409-96-145-101-47-56-182-258-158-40-275-486-392-431-369-245-375-479-164-360-363-21-223-332-95-161-181-186-397-58-408-212-184-163-44-200-120-436-166-168-234-34-385-478-151-284-393-263-371-239-36-276-326-242-487-209-206-24-221-413-492-420-370-173-302-391-165-377-272-33-160-459-325-251-493-175-4-426-294-20-85-442-43-361-418-390-30-73-383-35-104-5-149-187-45-147-432-400-491-97-417-257-357-106-274-321-382-125-483-205-310-183-271-23-416-199-185-445-68-80-48-354-111-219-466-456-440-10-196-309-485-171-296-131-414-233-345-401-249-463-230-42-140-50-334-350-148-49-499-99-428-300-194-128-270-198-476-76-415-282-29-79-482-264-289-281-403-259-135-490-176-92-178-252-129-374-341-177-132-124-59-41-312-301-425-373-91-88-105-112-11-437-253-201-141-333-453-465-419-202-65-28-179-318-7-364-17-27-372-214-481-1-472-229-402-389-464-342-331-355-317-447-319-210-64-159-255-347-72-204-405-277-335-338-115-119-246-116-351-39-61-344-454-435-433-26-291-133-313-195-396-398-404-283-254-136-307-461-121-362-348-172-443-315-81-352-232-228-494-266-153-366-495-394-265-280-250-304-174-367-311-8-337-330-356-305-170-180-329-150-19-488-25-114-248-0-84-434-62-14-286-423-316-290-130-452-13-455-365-83-70-218-386-74-444-314-381-308-412-358-349-169-139-12-446-193-117-118-127-190-225-438-94-137-359-429-236-467-66-427-462-157-468-388-238-71-268-477-93-470-399-63-31-154-69-293-261-222-54-421-32-243-299
